-foptimize-sibling-calls,-freorder-blocks-algorithm=stc,-ftree-pre,-fschedule-insns2,-fexpensive-optimizations,-fvect-cost-model,-ffinite-loops,-floop-unroll-and-jam,-flra-remat,-fvect-cost-model=dynamic,time
0,0,0,0,0,0,0,0,0,0,0.05381944444444445
0,0,0,0,0,0,0,0,0,1,0.05427777777777777
0,0,0,0,0,0,0,0,1,0,0.05406944444444445
0,0,0,0,0,0,0,0,1,1,0.05401388888888889
0,0,0,0,0,0,0,1,0,0,0.053962500000000004
0,0,0,0,0,0,0,1,0,1,0.053984375
0,0,0,0,0,0,0,1,1,0,0.05390277777777777
0,0,0,0,0,0,0,1,1,1,0.0539375
0,0,0,0,0,0,1,0,0,0,0.05411111111111112
0,0,0,0,0,0,1,0,0,1,0.054015625
0,0,0,0,0,0,1,0,1,0,0.0540875
0,0,0,0,0,0,1,0,1,1,0.054093749999999996
0,0,0,0,0,0,1,1,0,0,0.053968749999999996
0,0,0,0,0,0,1,1,0,1,0.05415625
0,0,0,0,0,0,1,1,1,0,0.054015625
0,0,0,0,0,0,1,1,1,1,0.05408333333333333
0,0,0,0,0,1,0,0,0,0,0.05395833333333334
0,0,0,0,0,1,0,0,0,1,0.05386111111111111
0,0,0,0,0,1,0,0,1,0,0.05415277777777778
0,0,0,0,0,1,0,0,1,1,0.05388888888888889
0,0,0,0,0,1,0,1,0,0,0.05415277777777778
0,0,0,0,0,1,0,1,0,1,0.05387499999999999
0,0,0,0,0,1,0,1,1,0,0.05395833333333333
0,0,0,0,0,1,0,1,1,1,0.053962500000000004
0,0,0,0,0,1,1,0,0,0,0.05399999999999999
0,0,0,0,0,1,1,0,0,1,0.054015625
0,0,0,0,0,1,1,0,1,0,0.054037499999999995
0,0,0,0,0,1,1,0,1,1,0.05401388888888889
0,0,0,0,0,1,1,1,0,0,0.05401388888888889
0,0,0,0,0,1,1,1,0,1,0.054
0,0,0,0,0,1,1,1,1,0,0.05405555555555555
0,0,0,0,0,1,1,1,1,1,0.05408333333333333
0,0,0,0,1,0,0,0,0,0,0.05375
0,0,0,0,1,0,0,0,0,1,0.05347222222222222
0,0,0,0,1,0,0,0,1,0,0.053343749999999995
0,0,0,0,1,0,0,0,1,1,0.05361111111111111
0,0,0,0,1,0,0,1,0,0,0.053437500000000006
0,0,0,0,1,0,0,1,0,1,0.05345833333333334
0,0,0,0,1,0,0,1,1,0,0.05351388888888889
0,0,0,0,1,0,0,1,1,1,0.05363888888888888
0,0,0,0,1,0,1,0,0,0,0.0534625
0,0,0,0,1,0,1,0,0,1,0.0535
0,0,0,0,1,0,1,0,1,0,0.05356944444444444
0,0,0,0,1,0,1,0,1,1,0.05347222222222223
0,0,0,0,1,0,1,1,0,0,0.053625
0,0,0,0,1,0,1,1,0,1,0.053625
0,0,0,0,1,0,1,1,1,0,0.05354166666666666
0,0,0,0,1,0,1,1,1,1,0.05343055555555556
0,0,0,0,1,1,0,0,0,0,0.053593749999999996
0,0,0,0,1,1,0,0,0,1,0.053375
0,0,0,0,1,1,0,0,1,0,0.05366666666666667
0,0,0,0,1,1,0,0,1,1,0.053468749999999995
0,0,0,0,1,1,0,1,0,0,0.05361111111111111
0,0,0,0,1,1,0,1,0,1,0.05358333333333333
0,0,0,0,1,1,0,1,1,0,0.053587499999999996
0,0,0,0,1,1,0,1,1,1,0.05354166666666667
0,0,0,0,1,1,1,0,0,0,0.0535625
0,0,0,0,1,1,1,0,0,1,0.0535625
0,0,0,0,1,1,1,0,1,0,0.05345000000000001
0,0,0,0,1,1,1,0,1,1,0.053587499999999996
0,0,0,0,1,1,1,1,0,0,0.05363749999999999
0,0,0,0,1,1,1,1,0,1,0.05345833333333334
0,0,0,0,1,1,1,1,1,0,0.05345833333333333
0,0,0,0,1,1,1,1,1,1,0.0535
0,0,0,1,0,0,0,0,0,0,0.052296875
0,0,0,1,0,0,0,0,0,1,0.052359375
0,0,0,1,0,0,0,0,1,0,0.0524375
0,0,0,1,0,0,0,0,1,1,0.05261111111111111
0,0,0,1,0,0,0,1,0,0,0.05259722222222222
0,0,0,1,0,0,0,1,0,1,0.052649999999999995
0,0,0,1,0,0,0,1,1,0,0.05251388888888889
0,0,0,1,0,0,0,1,1,1,0.05243055555555556
0,0,0,1,0,0,1,0,0,0,0.0525625
0,0,0,1,0,0,1,0,0,1,0.052765625
0,0,0,1,0,0,1,0,1,0,0.05267500000000001
0,0,0,1,0,0,1,0,1,1,0.05273611111111111
0,0,0,1,0,0,1,1,0,0,0.05255555555555555
0,0,0,1,0,0,1,1,0,1,0.0525
0,0,0,1,0,0,1,1,1,0,0.052703125
0,0,0,1,0,0,1,1,1,1,0.05263888888888888
0,0,0,1,0,1,0,0,0,0,0.052609375
0,0,0,1,0,1,0,0,0,1,0.05266666666666667
0,0,0,1,0,1,0,0,1,0,0.05276388888888889
0,0,0,1,0,1,0,0,1,1,0.05251388888888889
0,0,0,1,0,1,0,1,0,0,0.052468749999999995
0,0,0,1,0,1,0,1,0,1,0.052587499999999995
0,0,0,1,0,1,0,1,1,0,0.05245833333333333
0,0,0,1,0,1,0,1,1,1,0.05259722222222222
0,0,0,1,0,1,1,0,0,0,0.052525
0,0,0,1,0,1,1,0,0,1,0.052578124999999996
0,0,0,1,0,1,1,0,1,0,0.05248611111111111
0,0,0,1,0,1,1,0,1,1,0.052515624999999996
0,0,0,1,0,1,1,1,0,0,0.0525
0,0,0,1,0,1,1,1,0,1,0.05277777777777778
0,0,0,1,0,1,1,1,1,0,0.0524875
0,0,0,1,0,1,1,1,1,1,0.052906249999999995
0,0,0,1,1,0,0,0,0,0,0.05304166666666667
0,0,0,1,1,0,0,0,0,1,0.05298611111111111
0,0,0,1,1,0,0,0,1,0,0.05291666666666667
0,0,0,1,1,0,0,0,1,1,0.05268055555555556
0,0,0,1,1,0,0,1,0,0,0.05306944444444445
0,0,0,1,1,0,0,1,0,1,0.0529861111111111
0,0,0,1,1,0,0,1,1,0,0.05308333333333334
0,0,0,1,1,0,0,1,1,1,0.052843749999999995
0,0,0,1,1,0,1,0,0,0,0.05291250000000001
0,0,0,1,1,0,1,0,0,1,0.05280555555555556
0,0,0,1,1,0,1,0,1,0,0.052925
0,0,0,1,1,0,1,0,1,1,0.05295833333333333
0,0,0,1,1,0,1,1,0,0,0.05280555555555555
0,0,0,1,1,0,1,1,0,1,0.05280555555555556
0,0,0,1,1,0,1,1,1,0,0.05302777777777778
0,0,0,1,1,0,1,1,1,1,0.05304166666666666
0,0,0,1,1,1,0,0,0,0,0.05293055555555556
0,0,0,1,1,1,0,0,0,1,0.05298611111111111
0,0,0,1,1,1,0,0,1,0,0.05306944444444444
0,0,0,1,1,1,0,0,1,1,0.05315625
0,0,0,1,1,1,0,1,0,0,0.052912499999999994
0,0,0,1,1,1,0,1,0,1,0.0531
0,0,0,1,1,1,0,1,1,0,0.05295
0,0,0,1,1,1,0,1,1,1,0.052972222222222226
0,0,0,1,1,1,1,0,0,0,0.05292187499999999
0,0,0,1,1,1,1,0,0,1,0.05311249999999999
0,0,0,1,1,1,1,0,1,0,0.0530375
0,0,0,1,1,1,1,0,1,1,0.052859375
0,0,0,1,1,1,1,1,0,0,0.05308333333333334
0,0,0,1,1,1,1,1,0,1,0.05302777777777778
0,0,0,1,1,1,1,1,1,0,0.052833333333333336
0,0,0,1,1,1,1,1,1,1,0.052825
0,0,1,0,0,0,0,0,0,0,0.05036111111111111
0,0,1,0,0,0,0,0,0,1,0.05019444444444445
0,0,1,0,0,0,0,0,1,0,0.050375
0,0,1,0,0,0,0,0,1,1,0.0503125
0,0,1,0,0,0,0,1,0,0,0.05043055555555556
0,0,1,0,0,0,0,1,0,1,0.050208333333333334
0,0,1,0,0,0,0,1,1,0,0.050333333333333334
0,0,1,0,0,0,0,1,1,1,0.05041666666666667
0,0,1,0,0,0,1,0,0,0,0.05019444444444445
0,0,1,0,0,0,1,0,0,1,0.0503888888888889
0,0,1,0,0,0,1,0,1,0,0.050402777777777776
0,0,1,0,0,0,1,0,1,1,0.050486111111111114
0,0,1,0,0,0,1,1,0,0,0.05023611111111112
0,0,1,0,0,0,1,1,0,1,0.05029166666666667
0,0,1,0,0,0,1,1,1,0,0.050361111111111106
0,0,1,0,0,0,1,1,1,1,0.05025
0,0,1,0,0,1,0,0,0,0,0.050305555555555555
0,0,1,0,0,1,0,0,0,1,0.0504
0,0,1,0,0,1,0,0,1,0,0.050263888888888886
0,0,1,0,0,1,0,0,1,1,0.0504375
0,0,1,0,0,1,0,1,0,0,0.050208333333333334
0,0,1,0,0,1,0,1,0,1,0.05037500000000001
0,0,1,0,0,1,0,1,1,0,0.050350000000000006
0,0,1,0,0,1,0,1,1,1,0.050187499999999996
0,0,1,0,0,1,1,0,0,0,0.050421875000000005
0,0,1,0,0,1,1,0,0,1,0.050374999999999996
0,0,1,0,0,1,1,0,1,0,0.050390625
0,0,1,0,0,1,1,0,1,1,0.05030555555555556
0,0,1,0,0,1,1,1,0,0,0.05029166666666667
0,0,1,0,0,1,1,1,0,1,0.050291666666666665
0,0,1,0,0,1,1,1,1,0,0.050156250000000006
0,0,1,0,0,1,1,1,1,1,0.05025
0,0,1,0,1,0,0,0,0,0,0.050175000000000004
0,0,1,0,1,0,0,0,0,1,0.05013888888888889
0,0,1,0,1,0,0,0,1,0,0.050097222222222224
0,0,1,0,1,0,0,0,1,1,0.050015625
0,0,1,0,1,0,0,1,0,0,0.050055555555555555
0,0,1,0,1,0,0,1,0,1,0.05015277777777779
0,0,1,0,1,0,0,1,1,0,0.05000000000000001
0,0,1,0,1,0,0,1,1,1,0.049944444444444444
0,0,1,0,1,0,1,0,0,0,0.050194444444444444
0,0,1,0,1,0,1,0,0,1,0.05002777777777778
0,0,1,0,1,0,1,0,1,0,0.050125
0,0,1,0,1,0,1,0,1,1,0.05
0,0,1,0,1,0,1,1,0,0,0.05008928571428571
0,0,1,0,1,0,1,1,0,1,0.050050000000000004
0,0,1,0,1,0,1,1,1,0,0.050208333333333334
0,0,1,0,1,0,1,1,1,1,0.05006944444444445
0,0,1,0,1,1,0,0,0,0,0.05006944444444445
0,0,1,0,1,1,0,0,0,1,0.050055555555555555
0,0,1,0,1,1,0,0,1,0,0.04998611111111111
0,0,1,0,1,1,0,0,1,1,0.050112500000000004
0,0,1,0,1,1,0,1,0,0,0.05005
0,0,1,0,1,1,0,1,0,1,0.05004166666666667
0,0,1,0,1,1,0,1,1,0,0.050050000000000004
0,0,1,0,1,1,0,1,1,1,0.04990625
0,0,1,0,1,1,1,0,0,0,0.050125
0,0,1,0,1,1,1,0,0,1,0.050112500000000004
0,0,1,0,1,1,1,0,1,0,0.0501
0,0,1,0,1,1,1,0,1,1,0.0500625
0,0,1,0,1,1,1,1,0,0,0.050015625
0,0,1,0,1,1,1,1,0,1,0.049925000000000004
0,0,1,0,1,1,1,1,1,0,0.050025
0,0,1,0,1,1,1,1,1,1,0.05004166666666668
0,0,1,1,0,0,0,0,0,0,0.05126388888888889
0,0,1,1,0,0,0,0,0,1,0.05130555555555555
0,0,1,1,0,0,0,0,1,0,0.05126388888888889
0,0,1,1,0,0,0,0,1,1,0.05125
0,0,1,1,0,0,0,1,0,0,0.0511625
0,0,1,1,0,0,0,1,0,1,0.051319444444444445
0,0,1,1,0,0,0,1,1,0,0.051347222222222225
0,0,1,1,0,0,0,1,1,1,0.05121874999999999
0,0,1,1,0,0,1,0,0,0,0.05109722222222222
0,0,1,1,0,0,1,0,0,1,0.051138888888888887
0,0,1,1,0,0,1,0,1,0,0.05127777777777778
0,0,1,1,0,0,1,0,1,1,0.05106944444444444
0,0,1,1,0,0,1,1,0,0,0.051112500000000005
0,0,1,1,0,0,1,1,0,1,0.0511875
0,0,1,1,0,0,1,1,1,0,0.051111111111111114
0,0,1,1,0,0,1,1,1,1,0.051416666666666666
0,0,1,1,0,1,0,0,0,0,0.051194444444444445
0,0,1,1,0,1,0,0,0,1,0.05115277777777777
0,0,1,1,0,1,0,0,1,0,0.051500000000000004
0,0,1,1,0,1,0,0,1,1,0.05134722222222222
0,0,1,1,0,1,0,1,0,0,0.05136111111111111
0,0,1,1,0,1,0,1,0,1,0.05134722222222222
0,0,1,1,0,1,0,1,1,0,0.05126388888888889
0,0,1,1,0,1,0,1,1,1,0.051472222222222225
0,0,1,1,0,1,1,0,0,0,0.05133333333333333
0,0,1,1,0,1,1,0,0,1,0.05116666666666666
0,0,1,1,0,1,1,0,1,0,0.05138888888888889
0,0,1,1,0,1,1,0,1,1,0.05138888888888889
0,0,1,1,0,1,1,1,0,0,0.05127777777777778
0,0,1,1,0,1,1,1,0,1,0.051212499999999994
0,0,1,1,0,1,1,1,1,0,0.051472222222222225
0,0,1,1,0,1,1,1,1,1,0.05106944444444444
0,0,1,1,1,0,0,0,0,0,0.04913888888888889
0,0,1,1,1,0,0,0,0,1,0.049
0,0,1,1,1,0,0,0,1,0,0.04884722222222222
0,0,1,1,1,0,0,0,1,1,0.04904166666666667
0,0,1,1,1,0,0,1,0,0,0.049125
0,0,1,1,1,0,0,1,0,1,0.04911111111111112
0,0,1,1,1,0,0,1,1,0,0.04887500000000001
0,0,1,1,1,0,0,1,1,1,0.04906944444444444
0,0,1,1,1,0,1,0,0,0,0.04897222222222222
0,0,1,1,1,0,1,0,0,1,0.049125
0,0,1,1,1,0,1,0,1,0,0.04930555555555556
0,0,1,1,1,0,1,0,1,1,0.0490625
0,0,1,1,1,0,1,1,0,0,0.04890625
0,0,1,1,1,0,1,1,0,1,0.04904166666666667
0,0,1,1,1,0,1,1,1,0,0.048875
0,0,1,1,1,0,1,1,1,1,0.0491125
0,0,1,1,1,1,0,0,0,0,0.049055555555555554
0,0,1,1,1,1,0,0,0,1,0.04909722222222222
0,0,1,1,1,1,0,0,1,0,0.049
0,0,1,1,1,1,0,0,1,1,0.04893055555555556
0,0,1,1,1,1,0,1,0,0,0.04906944444444444
0,0,1,1,1,1,0,1,0,1,0.04916666666666667
0,0,1,1,1,1,0,1,1,0,0.048968750000000005
0,0,1,1,1,1,0,1,1,1,0.04927777777777778
0,0,1,1,1,1,1,0,0,0,0.048986111111111105
0,0,1,1,1,1,1,0,0,1,0.0491125
0,0,1,1,1,1,1,0,1,0,0.04908333333333334
0,0,1,1,1,1,1,0,1,1,0.049013888888888885
0,0,1,1,1,1,1,1,0,0,0.04911111111111111
0,0,1,1,1,1,1,1,0,1,0.049140625
0,0,1,1,1,1,1,1,1,0,0.04886111111111111
0,0,1,1,1,1,1,1,1,1,0.049109375
0,1,0,0,0,0,0,0,0,0,0.05043055555555556
0,1,0,0,0,0,0,0,0,1,0.05019444444444445
0,1,0,0,0,0,0,0,1,0,0.05025
0,1,0,0,0,0,0,0,1,1,0.05023611111111112
0,1,0,0,0,0,0,1,0,0,0.05019444444444445
0,1,0,0,0,0,0,1,0,1,0.050222222222222224
0,1,0,0,0,0,0,1,1,0,0.0501625
0,1,0,0,0,0,0,1,1,1,0.050305555555555555
0,1,0,0,0,0,1,0,0,0,0.050097222222222224
0,1,0,0,0,0,1,0,0,1,0.05015625
0,1,0,0,0,0,1,0,1,0,0.050180555555555555
0,1,0,0,0,0,1,0,1,1,0.050097222222222224
0,1,0,0,0,0,1,1,0,0,0.05025
0,1,0,0,0,0,1,1,0,1,0.05027777777777778
0,1,0,0,0,0,1,1,1,0,0.04998611111111111
0,1,0,0,0,0,1,1,1,1,0.05018055555555556
0,1,0,0,0,1,0,0,0,0,0.050078125
0,1,0,0,0,1,0,0,0,1,0.05008333333333334
0,1,0,0,0,1,0,0,1,0,0.0500125
0,1,0,0,0,1,0,0,1,1,0.05027777777777778
0,1,0,0,0,1,0,1,0,0,0.05005
0,1,0,0,0,1,0,1,0,1,0.05028125
0,1,0,0,0,1,0,1,1,0,0.050138888888888886
0,1,0,0,0,1,0,1,1,1,0.05023611111111112
0,1,0,0,0,1,1,0,0,0,0.050112500000000004
0,1,0,0,0,1,1,0,0,1,0.05025
0,1,0,0,0,1,1,0,1,0,0.05014062500000001
0,1,0,0,0,1,1,0,1,1,0.05009722222222222
0,1,0,0,0,1,1,1,0,0,0.0502625
0,1,0,0,0,1,1,1,0,1,0.0499625
0,1,0,0,0,1,1,1,1,0,0.050180555555555555
0,1,0,0,0,1,1,1,1,1,0.05008333333333334
0,1,0,0,1,0,0,0,0,0,0.0528
0,1,0,0,1,0,0,0,0,1,0.05267499999999999
0,1,0,0,1,0,0,0,1,0,0.053015625
0,1,0,0,1,0,0,0,1,1,0.052828125000000004
0,1,0,0,1,0,0,1,0,0,0.05288888888888889
0,1,0,0,1,0,0,1,0,1,0.0526875
0,1,0,0,1,0,0,1,1,0,0.052421875
0,1,0,0,1,0,0,1,1,1,0.052849999999999994
0,1,0,0,1,0,1,0,0,0,0.05290277777777777
0,1,0,0,1,0,1,0,0,1,0.05275
0,1,0,0,1,0,1,0,1,0,0.052875
0,1,0,0,1,0,1,0,1,1,0.052828125
0,1,0,0,1,0,1,1,0,0,0.052649999999999995
0,1,0,0,1,0,1,1,0,1,0.05290277777777777
0,1,0,0,1,0,1,1,1,0,0.05275
0,1,0,0,1,0,1,1,1,1,0.052569444444444446
0,1,0,0,1,1,0,0,0,0,0.0529375
0,1,0,0,1,1,0,0,0,1,0.05270833333333333
0,1,0,0,1,1,0,0,1,0,0.05234722222222222
0,1,0,0,1,1,0,0,1,1,0.05263888888888889
0,1,0,0,1,1,0,1,0,0,0.05284722222222222
0,1,0,0,1,1,0,1,0,1,0.052890625
0,1,0,0,1,1,0,1,1,0,0.052625000000000005
0,1,0,0,1,1,0,1,1,1,0.05266666666666667
0,1,0,0,1,1,1,0,0,0,0.052875
0,1,0,0,1,1,1,0,0,1,0.05305
0,1,0,0,1,1,1,0,1,0,0.052859375
0,1,0,0,1,1,1,0,1,1,0.05270833333333333
0,1,0,0,1,1,1,1,0,0,0.05279166666666667
0,1,0,0,1,1,1,1,0,1,0.05263888888888889
0,1,0,0,1,1,1,1,1,0,0.05290277777777778
0,1,0,0,1,1,1,1,1,1,0.05315277777777778
0,1,0,1,0,0,0,0,0,0,0.050050000000000004
0,1,0,1,0,0,0,0,0,1,0.04998611111111111
0,1,0,1,0,0,0,0,1,0,0.050015625
0,1,0,1,0,0,0,0,1,1,0.050069444444444444
0,1,0,1,0,0,0,1,0,0,0.0501375
0,1,0,1,0,0,0,1,0,1,0.05009722222222223
0,1,0,1,0,0,0,1,1,0,0.05002777777777778
0,1,0,1,0,0,0,1,1,1,0.05018750000000001
0,1,0,1,0,0,1,0,0,0,0.050125
0,1,0,1,0,0,1,0,0,1,0.050093750000000006
0,1,0,1,0,0,1,0,1,0,0.04986111111111111
0,1,0,1,0,0,1,0,1,1,0.05004166666666667
0,1,0,1,0,0,1,1,0,0,0.05013888888888889
0,1,0,1,0,0,1,1,0,1,0.05008333333333334
0,1,0,1,0,0,1,1,1,0,0.05015000000000001
0,1,0,1,0,0,1,1,1,1,0.050050000000000004
0,1,0,1,0,1,0,0,0,0,0.0502625
0,1,0,1,0,1,0,0,0,1,0.05008333333333334
0,1,0,1,0,1,0,0,1,0,0.05008333333333334
0,1,0,1,0,1,0,0,1,1,0.05018750000000001
0,1,0,1,0,1,0,1,0,0,0.05025
0,1,0,1,0,1,0,1,0,1,0.050125
0,1,0,1,0,1,0,1,1,0,0.05019444444444445
0,1,0,1,0,1,0,1,1,1,0.05011111111111111
0,1,0,1,0,1,1,0,0,0,0.05015277777777778
0,1,0,1,0,1,1,0,0,1,0.050111111111111106
0,1,0,1,0,1,1,0,1,0,0.050234375
0,1,0,1,0,1,1,0,1,1,0.050166666666666665
0,1,0,1,0,1,1,1,0,0,0.050062499999999996
0,1,0,1,0,1,1,1,0,1,0.05011111111111111
0,1,0,1,0,1,1,1,1,0,0.05039062500000001
0,1,0,1,0,1,1,1,1,1,0.050097222222222224
0,1,0,1,1,0,0,0,0,0,0.050671875
0,1,0,1,1,0,0,0,0,1,0.05069444444444445
0,1,0,1,1,0,0,0,1,0,0.050638888888888886
0,1,0,1,1,0,0,0,1,1,0.05050000000000001
0,1,0,1,1,0,0,1,0,0,0.050484375000000005
0,1,0,1,1,0,0,1,0,1,0.050765625
0,1,0,1,1,0,0,1,1,0,0.0505
0,1,0,1,1,0,0,1,1,1,0.050671875000000005
0,1,0,1,1,0,1,0,0,0,0.050875000000000004
0,1,0,1,1,0,1,0,0,1,0.050583333333333334
0,1,0,1,1,0,1,0,1,0,0.050694444444444445
0,1,0,1,1,0,1,0,1,1,0.050749999999999997
0,1,0,1,1,0,1,1,0,0,0.050546875000000005
0,1,0,1,1,0,1,1,0,1,0.050515625
0,1,0,1,1,0,1,1,1,0,0.050737500000000005
0,1,0,1,1,0,1,1,1,1,0.050722222222222224
0,1,0,1,1,1,0,0,0,0,0.05094444444444444
0,1,0,1,1,1,0,0,0,1,0.05059375
0,1,0,1,1,1,0,0,1,0,0.050791666666666666
0,1,0,1,1,1,0,0,1,1,0.05080555555555556
0,1,0,1,1,1,0,1,0,0,0.050638888888888886
0,1,0,1,1,1,0,1,0,1,0.050749999999999997
0,1,0,1,1,1,0,1,1,0,0.050787500000000006
0,1,0,1,1,1,0,1,1,1,0.05086111111111111
0,1,0,1,1,1,1,0,0,0,0.050765625
0,1,0,1,1,1,1,0,0,1,0.050734375
0,1,0,1,1,1,1,0,1,0,0.050694444444444445
0,1,0,1,1,1,1,0,1,1,0.050791666666666666
0,1,0,1,1,1,1,1,0,0,0.0506625
0,1,0,1,1,1,1,1,0,1,0.050725
0,1,0,1,1,1,1,1,1,0,0.050819444444444445
0,1,0,1,1,1,1,1,1,1,0.0505625
0,1,1,0,0,0,0,0,0,0,0.04634722222222222
0,1,1,0,0,0,0,0,0,1,0.046453125
0,1,1,0,0,0,0,0,1,0,0.04634722222222222
0,1,1,0,0,0,0,0,1,1,0.04631944444444444
0,1,1,0,0,0,0,1,0,0,0.046390625000000005
0,1,1,0,0,0,0,1,0,1,0.0464375
0,1,1,0,0,0,0,1,1,0,0.04641666666666667
0,1,1,0,0,0,0,1,1,1,0.04634722222222223
0,1,1,0,0,0,1,0,0,0,0.04644444444444445
0,1,1,0,0,0,1,0,0,1,0.04630555555555556
0,1,1,0,0,0,1,0,1,0,0.046462500000000004
0,1,1,0,0,0,1,0,1,1,0.04643055555555556
0,1,1,0,0,0,1,1,0,0,0.04631944444444444
0,1,1,0,0,0,1,1,0,1,0.04643055555555556
0,1,1,0,0,0,1,1,1,0,0.046425
0,1,1,0,0,0,1,1,1,1,0.0463375
0,1,1,0,0,1,0,0,0,0,0.04633333333333333
0,1,1,0,0,1,0,0,0,1,0.046475
0,1,1,0,0,1,0,0,1,0,0.04655555555555555
0,1,1,0,0,1,0,0,1,1,0.04661111111111112
0,1,1,0,0,1,0,1,0,0,0.046609375
0,1,1,0,0,1,0,1,0,1,0.04680555555555556
0,1,1,0,0,1,0,1,1,0,0.04681944444444444
0,1,1,0,0,1,0,1,1,1,0.04679166666666666
0,1,1,0,0,1,1,0,0,0,0.04676388888888889
0,1,1,0,0,1,1,0,0,1,0.04698611111111111
0,1,1,0,0,1,1,0,1,0,0.04698611111111111
0,1,1,0,0,1,1,0,1,1,0.0465
0,1,1,0,0,1,1,1,0,0,0.0465
0,1,1,0,0,1,1,1,0,1,0.046400000000000004
0,1,1,0,0,1,1,1,1,0,0.046333333333333324
0,1,1,0,0,1,1,1,1,1,0.0464375
0,1,1,0,1,0,0,0,0,0,0.0475
0,1,1,0,1,0,0,0,0,1,0.047468750000000004
0,1,1,0,1,0,0,0,1,0,0.0475125
0,1,1,0,1,0,0,0,1,1,0.047512500000000006
0,1,1,0,1,0,0,1,0,0,0.04756944444444445
0,1,1,0,1,0,0,1,0,1,0.047453125
0,1,1,0,1,0,0,1,1,0,0.047578125
0,1,1,0,1,0,0,1,1,1,0.0475
0,1,1,0,1,0,1,0,0,0,0.04754166666666667
0,1,1,0,1,0,1,0,0,1,0.04747222222222222
0,1,1,0,1,0,1,0,1,0,0.047453125
0,1,1,0,1,0,1,0,1,1,0.047325
0,1,1,0,1,0,1,1,0,0,0.04755555555555556
0,1,1,0,1,0,1,1,0,1,0.04744444444444445
0,1,1,0,1,0,1,1,1,0,0.047444444444444435
0,1,1,0,1,0,1,1,1,1,0.04746875
0,1,1,0,1,1,0,0,0,0,0.04748611111111111
0,1,1,0,1,1,0,0,0,1,0.0474875
0,1,1,0,1,1,0,0,1,0,0.0474375
0,1,1,0,1,1,0,0,1,1,0.0475
0,1,1,0,1,1,0,1,0,0,0.04750000000000001
0,1,1,0,1,1,0,1,0,1,0.04745833333333333
0,1,1,0,1,1,0,1,1,0,0.04751388888888889
0,1,1,0,1,1,0,1,1,1,0.047375
0,1,1,0,1,1,1,0,0,0,0.047374999999999994
0,1,1,0,1,1,1,0,0,1,0.047450000000000006
0,1,1,0,1,1,1,0,1,0,0.04743055555555556
0,1,1,0,1,1,1,0,1,1,0.04738888888888889
0,1,1,0,1,1,1,1,0,0,0.047425
0,1,1,0,1,1,1,1,0,1,0.04743055555555556
0,1,1,0,1,1,1,1,1,0,0.04741666666666667
0,1,1,0,1,1,1,1,1,1,0.04738888888888889
0,1,1,1,0,0,0,0,0,0,0.04583333333333334
0,1,1,1,0,0,0,0,0,1,0.045906249999999996
0,1,1,1,0,0,0,0,1,0,0.0459625
0,1,1,1,0,0,0,0,1,1,0.04590277777777778
0,1,1,1,0,0,0,1,0,0,0.04580555555555556
0,1,1,1,0,0,0,1,0,1,0.04605555555555555
0,1,1,1,0,0,0,1,1,0,0.04579166666666666
0,1,1,1,0,0,0,1,1,1,0.045975
0,1,1,1,0,0,1,0,0,0,0.04590277777777777
0,1,1,1,0,0,1,0,0,1,0.04584375
0,1,1,1,0,0,1,0,1,0,0.04586111111111111
0,1,1,1,0,0,1,0,1,1,0.04595833333333334
0,1,1,1,0,0,1,1,0,0,0.04576388888888889
0,1,1,1,0,0,1,1,0,1,0.046024999999999996
0,1,1,1,0,0,1,1,1,0,0.04616666666666666
0,1,1,1,0,0,1,1,1,1,0.04580555555555556
0,1,1,1,0,1,0,0,0,0,0.0460125
0,1,1,1,0,1,0,0,0,1,0.04615277777777778
0,1,1,1,0,1,0,0,1,0,0.045924999999999994
0,1,1,1,0,1,0,0,1,1,0.0460875
0,1,1,1,0,1,0,1,0,0,0.04595
0,1,1,1,0,1,0,1,0,1,0.04573611111111111
0,1,1,1,0,1,0,1,1,0,0.04583333333333333
0,1,1,1,0,1,0,1,1,1,0.046
0,1,1,1,0,1,1,0,0,0,0.04602777777777778
0,1,1,1,0,1,1,0,0,1,0.04593055555555556
0,1,1,1,0,1,1,0,1,0,0.045875
0,1,1,1,0,1,1,0,1,1,0.04572222222222223
0,1,1,1,0,1,1,1,0,0,0.04594444444444444
0,1,1,1,0,1,1,1,0,1,0.045862499999999994
0,1,1,1,0,1,1,1,1,0,0.04583333333333333
0,1,1,1,0,1,1,1,1,1,0.046015625
0,1,1,1,1,0,0,0,0,0,0.04677777777777778
0,1,1,1,1,0,0,0,0,1,0.04661111111111111
0,1,1,1,1,0,0,0,1,0,0.04670833333333333
0,1,1,1,1,0,0,0,1,1,0.04670833333333333
0,1,1,1,1,0,0,1,0,0,0.046921875
0,1,1,1,1,0,0,1,0,1,0.047
0,1,1,1,1,0,0,1,1,0,0.046625
0,1,1,1,1,0,0,1,1,1,0.0466625
0,1,1,1,1,0,1,0,0,0,0.04677777777777778
0,1,1,1,1,0,1,0,0,1,0.0469875
0,1,1,1,1,0,1,0,1,0,0.04669444444444445
0,1,1,1,1,0,1,0,1,1,0.04671875
0,1,1,1,1,0,1,1,0,0,0.04661111111111111
0,1,1,1,1,0,1,1,0,1,0.046299999999999994
0,1,1,1,1,0,1,1,1,0,0.0468375
0,1,1,1,1,0,1,1,1,1,0.04676388888888889
0,1,1,1,1,1,0,0,0,0,0.047037499999999996
0,1,1,1,1,1,0,0,0,1,0.04652777777777778
0,1,1,1,1,1,0,0,1,0,0.04678125
0,1,1,1,1,1,0,0,1,1,0.0469
0,1,1,1,1,1,0,1,0,0,0.04675
0,1,1,1,1,1,0,1,0,1,0.0469375
0,1,1,1,1,1,0,1,1,0,0.04677777777777778
0,1,1,1,1,1,0,1,1,1,0.046625
0,1,1,1,1,1,1,0,0,0,0.046875
0,1,1,1,1,1,1,0,0,1,0.046375
0,1,1,1,1,1,1,0,1,0,0.04658333333333334
0,1,1,1,1,1,1,0,1,1,0.0468125
0,1,1,1,1,1,1,1,0,0,0.04683333333333333
0,1,1,1,1,1,1,1,0,1,0.046825000000000006
0,1,1,1,1,1,1,1,1,0,0.047
0,1,1,1,1,1,1,1,1,1,0.04668055555555555
1,0,0,0,0,0,0,0,0,0,0.04575
1,0,0,0,0,0,0,0,0,1,0.04602777777777778
1,0,0,0,0,0,0,0,1,0,0.0457625
1,0,0,0,0,0,0,0,1,1,0.04569444444444445
1,0,0,0,0,0,0,1,0,0,0.04593055555555556
1,0,0,0,0,0,0,1,0,1,0.04590277777777778
1,0,0,0,0,0,0,1,1,0,0.045703125
1,0,0,0,0,0,0,1,1,1,0.04563888888888889
1,0,0,0,0,0,1,0,0,0,0.0457125
1,0,0,0,0,0,1,0,0,1,0.04571875
1,0,0,0,0,0,1,0,1,0,0.04584722222222223
1,0,0,0,0,0,1,0,1,1,0.04586111111111111
1,0,0,0,0,0,1,1,0,0,0.045875
1,0,0,0,0,0,1,1,0,1,0.04601388888888888
1,0,0,0,0,0,1,1,1,0,0.04576388888888889
1,0,0,0,0,0,1,1,1,1,0.04597222222222222
1,0,0,0,0,1,0,0,0,0,0.04588888888888889
1,0,0,0,0,1,0,0,0,1,0.0458
1,0,0,0,0,1,0,0,1,0,0.04551388888888889
1,0,0,0,0,1,0,0,1,1,0.04563888888888889
1,0,0,0,0,1,0,1,0,0,0.04594444444444444
1,0,0,0,0,1,0,1,0,1,0.04591666666666667
1,0,0,0,0,1,0,1,1,0,0.04618055555555556
1,0,0,0,0,1,0,1,1,1,0.04601388888888889
1,0,0,0,0,1,1,0,0,0,0.04605555555555555
1,0,0,0,0,1,1,0,0,1,0.045899999999999996
1,0,0,0,0,1,1,0,1,0,0.0459
1,0,0,0,0,1,1,0,1,1,0.04585
1,0,0,0,0,1,1,1,0,0,0.04565277777777778
1,0,0,0,0,1,1,1,0,1,0.04559722222222222
1,0,0,0,0,1,1,1,1,0,0.045984375
1,0,0,0,0,1,1,1,1,1,0.045799999999999993
1,0,0,0,1,0,0,0,0,0,0.04843055555555556
1,0,0,0,1,0,0,0,0,1,0.04845833333333334
1,0,0,0,1,0,0,0,1,0,0.048513888888888884
1,0,0,0,1,0,0,0,1,1,0.048406250000000005
1,0,0,0,1,0,0,1,0,0,0.04833333333333334
1,0,0,0,1,0,0,1,0,1,0.04836111111111111
1,0,0,0,1,0,0,1,1,0,0.04834722222222222
1,0,0,0,1,0,0,1,1,1,0.04851388888888889
1,0,0,0,1,0,1,0,0,0,0.04848611111111112
1,0,0,0,1,0,1,0,0,1,0.04843055555555556
1,0,0,0,1,0,1,0,1,0,0.048390625
1,0,0,0,1,0,1,0,1,1,0.0484375
1,0,0,0,1,0,1,1,0,0,0.048486111111111105
1,0,0,0,1,0,1,1,0,1,0.04825
1,0,0,0,1,0,1,1,1,0,0.0483125
1,0,0,0,1,0,1,1,1,1,0.04833333333333333
1,0,0,0,1,1,0,0,0,0,0.048362499999999996
1,0,0,0,1,1,0,0,0,1,0.04829166666666667
1,0,0,0,1,1,0,0,1,0,0.04827777777777778
1,0,0,0,1,1,0,0,1,1,0.04831944444444444
1,0,0,0,1,1,0,1,0,0,0.04839062500000001
1,0,0,0,1,1,0,1,0,1,0.0484375
1,0,0,0,1,1,0,1,1,0,0.048337500000000005
1,0,0,0,1,1,0,1,1,1,0.04847222222222222
1,0,0,0,1,1,1,0,0,0,0.04841666666666666
1,0,0,0,1,1,1,0,0,1,0.04829166666666667
1,0,0,0,1,1,1,0,1,0,0.04851388888888889
1,0,0,0,1,1,1,0,1,1,0.04829166666666667
1,0,0,0,1,1,1,1,0,0,0.04819444444444444
1,0,0,0,1,1,1,1,0,1,0.048546875
1,0,0,0,1,1,1,1,1,0,0.04837500000000001
1,0,0,0,1,1,1,1,1,1,0.04836111111111111
1,0,0,1,0,0,0,0,0,0,0.0438875
1,0,0,1,0,0,0,0,0,1,0.044012499999999996
1,0,0,1,0,0,0,0,1,0,0.043875
1,0,0,1,0,0,0,0,1,1,0.04359375
1,0,0,1,0,0,0,1,0,0,0.043875
1,0,0,1,0,0,0,1,0,1,0.04387499999999999
1,0,0,1,0,0,0,1,1,0,0.044212499999999995
1,0,0,1,0,0,0,1,1,1,0.043958333333333335
1,0,0,1,0,0,1,0,0,0,0.04397222222222222
1,0,0,1,0,0,1,0,0,1,0.04384722222222222
1,0,0,1,0,0,1,0,1,0,0.04394642857142857
1,0,0,1,0,0,1,0,1,1,0.04394444444444444
1,0,0,1,0,0,1,1,0,0,0.043828124999999996
1,0,0,1,0,0,1,1,0,1,0.04395833333333333
1,0,0,1,0,0,1,1,1,0,0.04376388888888889
1,0,0,1,0,0,1,1,1,1,0.04396875
1,0,0,1,0,1,0,0,0,0,0.043921875
1,0,0,1,0,1,0,0,0,1,0.043859375
1,0,0,1,0,1,0,0,1,0,0.04394444444444444
1,0,0,1,0,1,0,0,1,1,0.0438611111111111
1,0,0,1,0,1,0,1,0,0,0.04390277777777778
1,0,0,1,0,1,0,1,0,1,0.0439861111111111
1,0,0,1,0,1,0,1,1,0,0.044000000000000004
1,0,0,1,0,1,0,1,1,1,0.043906249999999994
1,0,0,1,0,1,1,0,0,0,0.0439861111111111
1,0,0,1,0,1,1,0,0,1,0.043899999999999995
1,0,0,1,0,1,1,0,1,0,0.04397222222222222
1,0,0,1,0,1,1,0,1,1,0.044
1,0,0,1,0,1,1,1,0,0,0.04416666666666666
1,0,0,1,0,1,1,1,0,1,0.04397222222222222
1,0,0,1,0,1,1,1,1,0,0.04405555555555555
1,0,0,1,0,1,1,1,1,1,0.043953124999999996
1,0,0,1,1,0,0,0,0,0,0.04888750000000001
1,0,0,1,1,0,0,0,0,1,0.0489375
1,0,0,1,1,0,0,0,1,0,0.049049999999999996
1,0,0,1,1,0,0,0,1,1,0.04895833333333333
1,0,0,1,1,0,0,1,0,0,0.04869444444444445
1,0,0,1,1,0,0,1,0,1,0.049112499999999996
1,0,0,1,1,0,0,1,1,0,0.048962500000000006
1,0,0,1,1,0,0,1,1,1,0.04848611111111112
1,0,0,1,1,0,1,0,0,0,0.04863888888888889
1,0,0,1,1,0,1,0,0,1,0.048234374999999996
1,0,0,1,1,0,1,0,1,0,0.049025
1,0,0,1,1,0,1,0,1,1,0.049124999999999995
1,0,0,1,1,0,1,1,0,0,0.04873611111111112
1,0,0,1,1,0,1,1,0,1,0.049037500000000005
1,0,0,1,1,0,1,1,1,0,0.04825
1,0,0,1,1,0,1,1,1,1,0.049087500000000006
1,0,0,1,1,1,0,0,0,0,0.04866666666666667
1,0,0,1,1,1,0,0,0,1,0.04859722222222222
1,0,0,1,1,1,0,0,1,0,0.048359375
1,0,0,1,1,1,0,0,1,1,0.04919444444444444
1,0,0,1,1,1,0,1,0,0,0.048875
1,0,0,1,1,1,0,1,0,1,0.04830555555555556
1,0,0,1,1,1,0,1,1,0,0.048916666666666664
1,0,0,1,1,1,0,1,1,1,0.04922222222222222
1,0,0,1,1,1,1,0,0,0,0.0488375
1,0,0,1,1,1,1,0,0,1,0.0489375
1,0,0,1,1,1,1,0,1,0,0.04877777777777778
1,0,0,1,1,1,1,0,1,1,0.0490375
1,0,0,1,1,1,1,1,0,0,0.048666666666666664
1,0,0,1,1,1,1,1,0,1,0.04852777777777778
1,0,0,1,1,1,1,1,1,0,0.049025
1,0,0,1,1,1,1,1,1,1,0.04856944444444444
1,0,1,0,0,0,0,0,0,0,0.041902777777777775
1,0,1,0,0,0,0,0,0,1,0.04200000000000001
1,0,1,0,0,0,0,0,1,0,0.041777777777777775
1,0,1,0,0,0,0,0,1,1,0.041944444444444444
1,0,1,0,0,0,0,1,0,0,0.0417625
1,0,1,0,0,0,0,1,0,1,0.04175
1,0,1,0,0,0,0,1,1,0,0.04184722222222222
1,0,1,0,0,0,0,1,1,1,0.041833333333333333
1,0,1,0,0,0,1,0,0,0,0.04173611111111111
1,0,1,0,0,0,1,0,0,1,0.041875
1,0,1,0,0,0,1,0,1,0,0.041833333333333333
1,0,1,0,0,0,1,0,1,1,0.04158333333333333
1,0,1,0,0,0,1,1,0,0,0.041781250000000006
1,0,1,0,0,0,1,1,0,1,0.041984375000000004
1,0,1,0,0,0,1,1,1,0,0.04180555555555556
1,0,1,0,0,0,1,1,1,1,0.04177777777777778
1,0,1,0,0,1,0,0,0,0,0.04202777777777778
1,0,1,0,0,1,0,0,0,1,0.042013888888888885
1,0,1,0,0,1,0,0,1,0,0.041984375000000004
1,0,1,0,0,1,0,0,1,1,0.041805555555555554
1,0,1,0,0,1,0,1,0,0,0.041624999999999995
1,0,1,0,0,1,0,1,0,1,0.04188888888888889
1,0,1,0,0,1,0,1,1,0,0.04188888888888889
1,0,1,0,0,1,0,1,1,1,0.041775
1,0,1,0,0,1,1,0,0,0,0.041562499999999995
1,0,1,0,0,1,1,0,0,1,0.04163888888888889
1,0,1,0,0,1,1,0,1,0,0.04173611111111111
1,0,1,0,0,1,1,0,1,1,0.04188888888888889
1,0,1,0,0,1,1,1,0,0,0.04209375
1,0,1,0,0,1,1,1,0,1,0.041930555555555554
1,0,1,0,0,1,1,1,1,0,0.04180555555555556
1,0,1,0,0,1,1,1,1,1,0.04197222222222223
1,0,1,0,1,0,0,0,0,0,0.04022222222222222
1,0,1,0,1,0,0,0,0,1,0.04025
1,0,1,0,1,0,0,0,1,0,0.04045833333333333
1,0,1,0,1,0,0,0,1,1,0.040350000000000004
1,0,1,0,1,0,0,1,0,0,0.0403625
1,0,1,0,1,0,0,1,0,1,0.04023611111111111
1,0,1,0,1,0,0,1,1,0,0.040125
1,0,1,0,1,0,0,1,1,1,0.04031250000000001
1,0,1,0,1,0,1,0,0,0,0.04027777777777778
1,0,1,0,1,0,1,0,0,1,0.04019444444444445
1,0,1,0,1,0,1,0,1,0,0.040343750000000005
1,0,1,0,1,0,1,0,1,1,0.04018055555555556
1,0,1,0,1,0,1,1,0,0,0.04019444444444445
1,0,1,0,1,0,1,1,0,1,0.0402638888888889
1,0,1,0,1,0,1,1,1,0,0.040375
1,0,1,0,1,0,1,1,1,1,0.040328125000000006
1,0,1,0,1,1,0,0,0,0,0.040031250000000004
1,0,1,0,1,1,0,0,0,1,0.0403875
1,0,1,0,1,1,0,0,1,0,0.040531250000000005
1,0,1,0,1,1,0,0,1,1,0.04018055555555556
1,0,1,0,1,1,0,1,0,0,0.040175
1,0,1,0,1,1,0,1,0,1,0.04029166666666667
1,0,1,0,1,1,0,1,1,0,0.040275
1,0,1,0,1,1,0,1,1,1,0.040265625
1,0,1,0,1,1,1,0,0,0,0.04030555555555556
1,0,1,0,1,1,1,0,0,1,0.04012500000000001
1,0,1,0,1,1,1,0,1,0,0.04005555555555555
1,0,1,0,1,1,1,0,1,1,0.040453125
1,0,1,0,1,1,1,1,0,0,0.040275
1,0,1,0,1,1,1,1,0,1,0.04
1,0,1,0,1,1,1,1,1,0,0.04005555555555556
1,0,1,0,1,1,1,1,1,1,0.04009722222222222
1,0,1,1,0,0,0,0,0,0,0.04088888888888889
1,0,1,1,0,0,0,0,0,1,0.041055555555555553
1,0,1,1,0,0,0,0,1,0,0.04088750000000001
1,0,1,1,0,0,0,0,1,1,0.040775
1,0,1,1,0,0,0,1,0,0,0.040737499999999996
1,0,1,1,0,0,0,1,0,1,0.0407375
1,0,1,1,0,0,0,1,1,0,0.0407625
1,0,1,1,0,0,0,1,1,1,0.040777777777777774
1,0,1,1,0,0,1,0,0,0,0.04075
1,0,1,1,0,0,1,0,0,1,0.04068055555555555
1,0,1,1,0,0,1,0,1,0,0.040652777777777774
1,0,1,1,0,0,1,0,1,1,0.04061250000000001
1,0,1,1,0,0,1,1,0,0,0.0407638888888889
1,0,1,1,0,0,1,1,0,1,0.04065277777777778
1,0,1,1,0,0,1,1,1,0,0.04061111111111111
1,0,1,1,0,0,1,1,1,1,0.04069444444444445
1,0,1,1,0,1,0,0,0,0,0.04087500000000001
1,0,1,1,0,1,0,0,0,1,0.04079166666666667
1,0,1,1,0,1,0,0,1,0,0.040763888888888884
1,0,1,1,0,1,0,0,1,1,0.040675
1,0,1,1,0,1,0,1,0,0,0.040787500000000004
1,0,1,1,0,1,0,1,0,1,0.0407875
1,0,1,1,0,1,0,1,1,0,0.04107500000000001
1,0,1,1,0,1,0,1,1,1,0.04097222222222222
1,0,1,1,0,1,1,0,0,0,0.04084375
1,0,1,1,0,1,1,0,0,1,0.04088888888888889
1,0,1,1,0,1,1,0,1,0,0.04095833333333333
1,0,1,1,0,1,1,0,1,1,0.040624999999999994
1,0,1,1,0,1,1,1,0,0,0.040819444444444436
1,0,1,1,0,1,1,1,0,1,0.04077777777777778
1,0,1,1,0,1,1,1,1,0,0.040624999999999994
1,0,1,1,0,1,1,1,1,1,0.040725
1,0,1,1,1,0,0,0,0,0,0.04095
1,0,1,1,1,0,0,0,0,1,0.041765625
1,0,1,1,1,0,0,0,1,0,0.04083333333333333
1,0,1,1,1,0,0,0,1,1,0.04061111111111111
1,0,1,1,1,0,0,1,0,0,0.04085
1,0,1,1,1,0,0,1,0,1,0.0412
1,0,1,1,1,0,0,1,1,0,0.040203125000000006
1,0,1,1,1,0,0,1,1,1,0.041124999999999995
1,0,1,1,1,0,1,0,0,0,0.040791666666666664
1,0,1,1,1,0,1,0,0,1,0.040825
1,0,1,1,1,0,1,0,1,0,0.04101249999999999
1,0,1,1,1,0,1,0,1,1,0.041166666666666664
1,0,1,1,1,0,1,1,0,0,0.04116666666666667
1,0,1,1,1,0,1,1,0,1,0.040925
1,0,1,1,1,0,1,1,1,0,0.04048611111111111
1,0,1,1,1,0,1,1,1,1,0.04069444444444445
1,0,1,1,1,1,0,0,0,0,0.04119444444444445
1,0,1,1,1,1,0,0,0,1,0.040912500000000004
1,0,1,1,1,1,0,0,1,0,0.04152777777777778
1,0,1,1,1,1,0,0,1,1,0.041112499999999996
1,0,1,1,1,1,0,1,0,0,0.041025
1,0,1,1,1,1,0,1,0,1,0.041150000000000006
1,0,1,1,1,1,0,1,1,0,0.04081944444444444
1,0,1,1,1,1,0,1,1,1,0.04075
1,0,1,1,1,1,1,0,0,0,0.0410625
1,0,1,1,1,1,1,0,0,1,0.04088750000000001
1,0,1,1,1,1,1,0,1,0,0.040775000000000006
1,0,1,1,1,1,1,0,1,1,0.041175
1,0,1,1,1,1,1,1,0,0,0.04068055555555555
1,0,1,1,1,1,1,1,0,1,0.04083333333333333
1,0,1,1,1,1,1,1,1,0,0.04095000000000001
1,0,1,1,1,1,1,1,1,1,0.0406875
1,1,0,0,0,0,0,0,0,0,0.046287499999999995
1,1,0,0,0,0,0,0,0,1,0.04606944444444445
1,1,0,0,0,0,0,0,1,0,0.046150000000000004
1,1,0,0,0,0,0,0,1,1,0.04611111111111112
1,1,0,0,0,0,0,1,0,0,0.04597222222222222
1,1,0,0,0,0,0,1,0,1,0.04621875
1,1,0,0,0,0,0,1,1,0,0.04634375
1,1,0,0,0,0,0,1,1,1,0.04641666666666666
1,1,0,0,0,0,1,0,0,0,0.04616666666666666
1,1,0,0,0,0,1,0,0,1,0.046203125
1,1,0,0,0,0,1,0,1,0,0.04629166666666667
1,1,0,0,0,0,1,0,1,1,0.0462375
1,1,0,0,0,0,1,1,0,0,0.046412499999999995
1,1,0,0,0,0,1,1,0,1,0.0462625
1,1,0,0,0,0,1,1,1,0,0.0461625
1,1,0,0,0,0,1,1,1,1,0.04611111111111111
1,1,0,0,0,1,0,0,0,0,0.04606944444444444
1,1,0,0,0,1,0,0,0,1,0.04625
1,1,0,0,0,1,0,0,1,0,0.046125
1,1,0,0,0,1,0,0,1,1,0.04619444444444445
1,1,0,0,0,1,0,1,0,0,0.04615277777777778
1,1,0,0,0,1,0,1,0,1,0.04598611111111111
1,1,0,0,0,1,0,1,1,0,0.04601388888888889
1,1,0,0,0,1,0,1,1,1,0.04638888888888889
1,1,0,0,0,1,1,0,0,0,0.046078125
1,1,0,0,0,1,1,0,0,1,0.04629166666666667
1,1,0,0,0,1,1,0,1,0,0.046263888888888896
1,1,0,0,0,1,1,0,1,1,0.04616666666666667
1,1,0,0,0,1,1,1,0,0,0.04613888888888889
1,1,0,0,0,1,1,1,0,1,0.046263888888888896
1,1,0,0,0,1,1,1,1,0,0.0462375
1,1,0,0,0,1,1,1,1,1,0.04618055555555556
1,1,0,0,1,0,0,0,0,0,0.04263888888888889
1,1,0,0,1,0,0,0,0,1,0.04248611111111111
1,1,0,0,1,0,0,0,1,0,0.0425625
1,1,0,0,1,0,0,0,1,1,0.042458333333333334
1,1,0,0,1,0,0,1,0,0,0.0424625
1,1,0,0,1,0,0,1,0,1,0.04254166666666667
1,1,0,0,1,0,0,1,1,0,0.042609375000000005
1,1,0,0,1,0,0,1,1,1,0.042421875
1,1,0,0,1,0,1,0,0,0,0.04256944444444445
1,1,0,0,1,0,1,0,0,1,0.0425625
1,1,0,0,1,0,1,0,1,0,0.04254166666666667
1,1,0,0,1,0,1,0,1,1,0.04263888888888889
1,1,0,0,1,0,1,1,0,0,0.04251388888888889
1,1,0,0,1,0,1,1,0,1,0.042550000000000004
1,1,0,0,1,0,1,1,1,0,0.042777777777777776
1,1,0,0,1,0,1,1,1,1,0.04275
1,1,0,0,1,1,0,0,0,0,0.042736111111111114
1,1,0,0,1,1,0,0,0,1,0.04265625000000001
1,1,0,0,1,1,0,0,1,0,0.04253125000000001
1,1,0,0,1,1,0,0,1,1,0.0427
1,1,0,0,1,1,0,1,0,0,0.042819444444444445
1,1,0,0,1,1,0,1,0,1,0.0425875
1,1,0,0,1,1,0,1,1,0,0.04265277777777778
1,1,0,0,1,1,0,1,1,1,0.04247222222222222
1,1,0,0,1,1,1,0,0,0,0.0425
1,1,0,0,1,1,1,0,0,1,0.0426875
1,1,0,0,1,1,1,0,1,0,0.04252500000000001
1,1,0,0,1,1,1,0,1,1,0.04259375
1,1,0,0,1,1,1,1,0,0,0.042625
1,1,0,0,1,1,1,1,0,1,0.04265
1,1,0,0,1,1,1,1,1,0,0.04243055555555556
1,1,0,0,1,1,1,1,1,1,0.042624999999999996
1,1,0,1,0,0,0,0,0,0,0.04619444444444445
1,1,0,1,0,0,0,0,0,1,0.046265625
1,1,0,1,0,0,0,0,1,0,0.04595833333333334
1,1,0,1,0,0,0,0,1,1,0.04593055555555556
1,1,0,1,0,0,0,1,0,0,0.04615277777777778
1,1,0,1,0,0,0,1,0,1,0.04609722222222223
1,1,0,1,0,0,0,1,1,0,0.04618055555555556
1,1,0,1,0,0,0,1,1,1,0.046296875
1,1,0,1,0,0,1,0,0,0,0.045875
1,1,0,1,0,0,1,0,0,1,0.045984375
1,1,0,1,0,0,1,0,1,0,0.046109375
1,1,0,1,0,0,1,0,1,1,0.046046875
1,1,0,1,0,0,1,1,0,0,0.04623611111111112
1,1,0,1,0,0,1,1,0,1,0.04623611111111111
1,1,0,1,0,0,1,1,1,0,0.04606249999999999
1,1,0,1,0,0,1,1,1,1,0.046087499999999997
1,1,0,1,0,1,0,0,0,0,0.04611111111111111
1,1,0,1,0,1,0,0,0,1,0.046125
1,1,0,1,0,1,0,0,1,0,0.046171875
1,1,0,1,0,1,0,0,1,1,0.04609722222222222
1,1,0,1,0,1,0,1,0,0,0.04595833333333333
1,1,0,1,0,1,0,1,0,1,0.04601388888888889
1,1,0,1,0,1,0,1,1,0,0.046
1,1,0,1,0,1,0,1,1,1,0.04594444444444444
1,1,0,1,0,1,1,0,0,0,0.04594444444444444
1,1,0,1,0,1,1,0,0,1,0.0459375
1,1,0,1,0,1,1,0,1,0,0.04594444444444444
1,1,0,1,0,1,1,0,1,1,0.046140625
1,1,0,1,0,1,1,1,0,0,0.04606944444444444
1,1,0,1,0,1,1,1,0,1,0.04575
1,1,0,1,0,1,1,1,1,0,0.04615277777777778
1,1,0,1,0,1,1,1,1,1,0.046112499999999994
1,1,0,1,1,0,0,0,0,0,0.041953125
1,1,0,1,1,0,0,0,0,1,0.0418125
1,1,0,1,1,0,0,0,1,0,0.0418
1,1,0,1,1,0,0,0,1,1,0.041850000000000005
1,1,0,1,1,0,0,1,0,0,0.0420375
1,1,0,1,1,0,0,1,0,1,0.04166666666666667
1,1,0,1,1,0,0,1,1,0,0.04170833333333333
1,1,0,1,1,0,0,1,1,1,0.04190277777777778
1,1,0,1,1,0,1,0,0,0,0.04201388888888889
1,1,0,1,1,0,1,0,0,1,0.04179166666666667
1,1,0,1,1,0,1,0,1,0,0.041777777777777775
1,1,0,1,1,0,1,0,1,1,0.04197222222222222
1,1,0,1,1,0,1,1,0,0,0.041859375000000004
1,1,0,1,1,0,1,1,0,1,0.04177777777777778
1,1,0,1,1,0,1,1,1,0,0.04179166666666667
1,1,0,1,1,0,1,1,1,1,0.0418125
1,1,0,1,1,1,0,0,0,0,0.04173611111111111
1,1,0,1,1,1,0,0,0,1,0.04191666666666667
1,1,0,1,1,1,0,0,1,0,0.04188888888888889
1,1,0,1,1,1,0,0,1,1,0.04195833333333334
1,1,0,1,1,1,0,1,0,0,0.041890625
1,1,0,1,1,1,0,1,0,1,0.041796875000000004
1,1,0,1,1,1,0,1,1,0,0.04184375
1,1,0,1,1,1,0,1,1,1,0.041833333333333333
1,1,0,1,1,1,1,0,0,0,0.04198611111111112
1,1,0,1,1,1,1,0,0,1,0.041944444444444444
1,1,0,1,1,1,1,0,1,0,0.04188888888888889
1,1,0,1,1,1,1,0,1,1,0.04198611111111111
1,1,0,1,1,1,1,1,0,0,0.04165277777777778
1,1,0,1,1,1,1,1,0,1,0.04197222222222222
1,1,0,1,1,1,1,1,1,0,0.04205555555555556
1,1,0,1,1,1,1,1,1,1,0.042046875000000004
1,1,1,0,0,0,0,0,0,0,0.04397222222222222
1,1,1,0,0,0,0,0,0,1,0.04408333333333333
1,1,1,0,0,0,0,0,1,0,0.04392499999999999
1,1,1,0,0,0,0,0,1,1,0.04386111111111111
1,1,1,0,0,0,0,1,0,0,0.04420833333333333
1,1,1,0,0,0,0,1,0,1,0.044194444444444446
1,1,1,0,0,0,0,1,1,0,0.043958333333333335
1,1,1,0,0,0,0,1,1,1,0.044111111111111115
1,1,1,0,0,0,1,0,0,0,0.043890624999999996
1,1,1,0,0,0,1,0,0,1,0.0440875
1,1,1,0,0,0,1,0,1,0,0.04401388888888888
1,1,1,0,0,0,1,0,1,1,0.04416666666666666
1,1,1,0,0,0,1,1,0,0,0.043953124999999996
1,1,1,0,0,0,1,1,0,1,0.04429166666666667
1,1,1,0,0,0,1,1,1,0,0.0439375
1,1,1,0,0,0,1,1,1,1,0.04393055555555555
1,1,1,0,0,1,0,0,0,0,0.044321428571428574
1,1,1,0,0,1,0,0,0,1,0.04427777777777778
1,1,1,0,0,1,0,0,1,0,0.044069444444444446
1,1,1,0,0,1,0,0,1,1,0.04423611111111111
1,1,1,0,0,1,0,1,0,0,0.0441875
1,1,1,0,0,1,0,1,0,1,0.04409722222222222
1,1,1,0,0,1,0,1,1,0,0.04415277777777778
1,1,1,0,0,1,0,1,1,1,0.0441875
1,1,1,0,0,1,1,0,0,0,0.044075
1,1,1,0,0,1,1,0,0,1,0.043921875
1,1,1,0,0,1,1,0,1,0,0.04390277777777778
1,1,1,0,0,1,1,0,1,1,0.0441875
1,1,1,0,0,1,1,1,0,0,0.044194444444444446
1,1,1,0,0,1,1,1,0,1,0.043958333333333335
1,1,1,0,0,1,1,1,1,0,0.044171875
1,1,1,0,0,1,1,1,1,1,0.044203124999999996
1,1,1,0,1,0,0,0,0,0,0.042890625
1,1,1,0,1,0,0,0,0,1,0.043027777777777776
1,1,1,0,1,0,0,0,1,0,0.042597222222222224
1,1,1,0,1,0,0,0,1,1,0.042484375000000005
1,1,1,0,1,0,0,1,0,0,0.042777777777777776
1,1,1,0,1,0,0,1,0,1,0.04261111111111112
1,1,1,0,1,0,0,1,1,0,0.04304166666666667
1,1,1,0,1,0,0,1,1,1,0.042875
1,1,1,0,1,0,1,0,0,0,0.042958333333333334
1,1,1,0,1,0,1,0,0,1,0.04275
1,1,1,0,1,0,1,0,1,0,0.042736111111111114
1,1,1,0,1,0,1,0,1,1,0.04286111111111111
1,1,1,0,1,0,1,1,0,0,0.04279166666666667
1,1,1,0,1,0,1,1,0,1,0.043194444444444445
1,1,1,0,1,0,1,1,1,0,0.042515625
1,1,1,0,1,0,1,1,1,1,0.042805555555555555
1,1,1,0,1,1,0,0,0,0,0.042958333333333334
1,1,1,0,1,1,0,0,0,1,0.04288888888888889
1,1,1,0,1,1,0,0,1,0,0.043069444444444445
1,1,1,0,1,1,0,0,1,1,0.042777777777777776
1,1,1,0,1,1,0,1,0,0,0.042819444444444445
1,1,1,0,1,1,0,1,0,1,0.042569444444444444
1,1,1,0,1,1,0,1,1,0,0.0427625
1,1,1,0,1,1,0,1,1,1,0.04303749999999999
1,1,1,0,1,1,1,0,0,0,0.043055555555555555
1,1,1,0,1,1,1,0,0,1,0.04265625000000001
1,1,1,0,1,1,1,0,1,0,0.0428625
1,1,1,0,1,1,1,0,1,1,0.042597222222222224
1,1,1,0,1,1,1,1,0,0,0.042800000000000005
1,1,1,0,1,1,1,1,0,1,0.04276388888888889
1,1,1,0,1,1,1,1,1,0,0.043125
1,1,1,0,1,1,1,1,1,1,0.043175
1,1,1,1,0,0,0,0,0,0,0.04375
1,1,1,1,0,0,0,0,0,1,0.044
1,1,1,1,0,0,0,0,1,0,0.044149999999999995
1,1,1,1,0,0,0,0,1,1,0.0442875
1,1,1,1,0,0,0,1,0,0,0.04401388888888888
1,1,1,1,0,0,0,1,0,1,0.043625
1,1,1,1,0,0,0,1,1,0,0.044194444444444446
1,1,1,1,0,0,0,1,1,1,0.04413888888888889
1,1,1,1,0,0,1,0,0,0,0.04402777777777778
1,1,1,1,0,0,1,0,0,1,0.043625
1,1,1,1,0,0,1,0,1,0,0.044375
1,1,1,1,0,0,1,0,1,1,0.044305555555555556
1,1,1,1,0,0,1,1,0,0,0.043875
1,1,1,1,0,0,1,1,0,1,0.04394444444444444
1,1,1,1,0,0,1,1,1,0,0.043736111111111114
1,1,1,1,0,0,1,1,1,1,0.04381944444444444
1,1,1,1,0,1,0,0,0,0,0.04434375
1,1,1,1,0,1,0,0,0,1,0.04397222222222222
1,1,1,1,0,1,0,0,1,0,0.04420833333333333
1,1,1,1,0,1,0,0,1,1,0.044109375
1,1,1,1,0,1,0,1,0,0,0.044055555555555556
1,1,1,1,0,1,0,1,0,1,0.043736111111111114
1,1,1,1,0,1,0,1,1,0,0.044041666666666666
1,1,1,1,0,1,0,1,1,1,0.0438611111111111
1,1,1,1,0,1,1,0,0,0,0.043791666666666666
1,1,1,1,0,1,1,0,0,1,0.04406944444444444
1,1,1,1,0,1,1,0,1,0,0.04409722222222221
1,1,1,1,0,1,1,0,1,1,0.04456944444444444
1,1,1,1,0,1,1,1,0,0,0.0442
1,1,1,1,0,1,1,1,0,1,0.04422222222222222
1,1,1,1,0,1,1,1,1,0,0.04383333333333333
1,1,1,1,0,1,1,1,1,1,0.04433333333333333
1,1,1,1,1,0,0,0,0,0,0.0431625
1,1,1,1,1,0,0,0,0,1,0.043187500000000004
1,1,1,1,1,0,0,0,1,0,0.042916666666666665
1,1,1,1,1,0,0,0,1,1,0.04290000000000001
1,1,1,1,1,0,0,1,0,0,0.04281944444444444
1,1,1,1,1,0,0,1,0,1,0.043
1,1,1,1,1,0,0,1,1,0,0.042937499999999997
1,1,1,1,1,0,0,1,1,1,0.04318055555555555
1,1,1,1,1,0,1,0,0,0,0.043000000000000003
1,1,1,1,1,0,1,0,0,1,0.04288888888888889
1,1,1,1,1,0,1,0,1,0,0.042796875
1,1,1,1,1,0,1,0,1,1,0.04316666666666666
1,1,1,1,1,0,1,1,0,0,0.0431375
1,1,1,1,1,0,1,1,0,1,0.043138888888888886
1,1,1,1,1,0,1,1,1,0,0.043138888888888886
1,1,1,1,1,0,1,1,1,1,0.04298611111111111
1,1,1,1,1,1,0,0,0,0,0.043027777777777776
1,1,1,1,1,1,0,0,0,1,0.04320833333333333
1,1,1,1,1,1,0,0,1,0,0.043000000000000003
1,1,1,1,1,1,0,0,1,1,0.043187500000000004
1,1,1,1,1,1,0,1,0,0,0.042925
1,1,1,1,1,1,0,1,0,1,0.042736111111111114
1,1,1,1,1,1,0,1,1,0,0.042953125
1,1,1,1,1,1,0,1,1,1,0.043152777777777776
1,1,1,1,1,1,1,0,0,0,0.04290277777777777
1,1,1,1,1,1,1,0,0,1,0.04311111111111111
1,1,1,1,1,1,1,0,1,0,0.04295833333333333
1,1,1,1,1,1,1,0,1,1,0.0427375
1,1,1,1,1,1,1,1,0,0,0.042916666666666665
1,1,1,1,1,1,1,1,0,1,0.04325
1,1,1,1,1,1,1,1,1,0,0.04256944444444445
1,1,1,1,1,1,1,1,1,1,0.04326388888888889
