,0,1,2,3,4,5,6,7,8,9,0
0,0,0,0,0,0,0,0,0,0,0,0.003865384615384615
1,1,0,0,0,0,0,0,0,0,0,0.0038487179487179486
2,0,1,0,0,0,0,0,0,0,0,0.003919871794871794
3,1,1,0,0,0,0,0,0,0,0,0.003814102564102564
4,0,0,1,0,0,0,0,0,0,0,0.003833333333333333
5,1,0,1,0,0,0,0,0,0,0,0.0038948717948717945
6,0,1,1,0,0,0,0,0,0,0,0.00396474358974359
7,1,1,1,0,0,0,0,0,0,0,0.0038641025641025636
8,0,0,0,1,0,0,0,0,0,0,0.0038685897435897436
9,1,0,0,1,0,0,0,0,0,0,0.003804487179487179
10,0,1,0,1,0,0,0,0,0,0,0.0038173076923076923
11,1,1,0,1,0,0,0,0,0,0,0.0037532051282051283
12,0,0,1,1,0,0,0,0,0,0,0.003772435897435897
13,1,0,1,1,0,0,0,0,0,0,0.003881410256410256
14,0,1,1,1,0,0,0,0,0,0,0.003802564102564102
15,1,1,1,1,0,0,0,0,0,0,0.003737179487179487
16,0,0,0,0,1,0,0,0,0,0,0.003875
17,1,0,0,0,1,0,0,0,0,0,0.0039006410256410256
18,0,1,0,0,1,0,0,0,0,0,0.003862179487179487
19,1,1,0,0,1,0,0,0,0,0,0.0038814102564102564
20,0,0,1,0,1,0,0,0,0,0,0.0038871794871794874
21,1,0,1,0,1,0,0,0,0,0,0.003915384615384615
22,0,1,1,0,1,0,0,0,0,0,0.0038237179487179483
23,1,1,1,0,1,0,0,0,0,0,0.0039775641025641024
24,0,0,0,1,1,0,0,0,0,0,0.003858974358974359
25,1,0,0,1,1,0,0,0,0,0,0.0038769230769230764
26,0,1,0,1,1,0,0,0,0,0,0.0038173076923076923
27,1,1,0,1,1,0,0,0,0,0,0.0038525641025641023
28,0,0,1,1,1,0,0,0,0,0,0.0038557692307692308
29,1,0,1,1,1,0,0,0,0,0,0.004134615384615384
30,0,1,1,1,1,0,0,0,0,0,0.004502564102564102
31,1,1,1,1,1,0,0,0,0,0,0.003915384615384616
32,0,0,0,0,0,1,0,0,0,0,0.003993589743589744
33,1,0,0,0,0,1,0,0,0,0,0.004015384615384615
34,0,1,0,0,0,1,0,0,0,0,0.003894230769230769
35,1,1,0,0,0,1,0,0,0,0,0.003801282051282051
36,0,0,1,0,0,1,0,0,0,0,0.0038237179487179487
37,1,0,1,0,0,1,0,0,0,0,0.003878205128205128
38,0,1,1,0,0,1,0,0,0,0,0.0038717948717948716
39,1,1,1,0,0,1,0,0,0,0,0.0038358974358974353
40,0,0,0,1,0,1,0,0,0,0,0.0037871794871794867
41,1,0,0,1,0,1,0,0,0,0,0.003810897435897436
42,0,1,0,1,0,1,0,0,0,0,0.0038076923076923075
43,1,1,0,1,0,1,0,0,0,0,0.003787179487179487
44,0,0,1,1,0,1,0,0,0,0,0.003814102564102564
45,1,0,1,1,0,1,0,0,0,0,0.0037916666666666663
46,0,1,1,1,0,1,0,0,0,0,0.00378974358974359
47,1,1,1,1,0,1,0,0,0,0,0.0038141025641025643
48,0,0,0,0,1,1,0,0,0,0,0.003884615384615385
49,1,0,0,0,1,1,0,0,0,0,0.0038820512820512817
50,0,1,0,0,1,1,0,0,0,0,0.003897435897435897
51,1,1,0,0,1,1,0,0,0,0,0.003969230769230769
52,0,0,1,0,1,1,0,0,0,0,0.004051282051282051
53,1,0,1,0,1,1,0,0,0,0,0.003915384615384615
54,0,1,1,0,1,1,0,0,0,0,0.003782051282051282
55,1,1,1,0,1,1,0,0,0,0,0.0038237179487179483
56,0,0,0,1,1,1,0,0,0,0,0.0038301282051282047
57,1,0,0,1,1,1,0,0,0,0,0.004264102564102564
58,0,1,0,1,1,1,0,0,0,0,0.0038
59,1,1,0,1,1,1,0,0,0,0,0.0038301282051282047
60,0,0,1,1,1,1,0,0,0,0,0.003817307692307692
61,1,0,1,1,1,1,0,0,0,0,0.003833333333333333
62,0,1,1,1,1,1,0,0,0,0,0.0038044871794871795
63,1,1,1,1,1,1,0,0,0,0,0.0037948717948717947
64,0,0,0,0,0,0,1,0,0,0,0.0038365384615384615
65,1,0,0,0,0,0,1,0,0,0,0.0038820512820512817
66,0,1,0,0,0,0,1,0,0,0,0.0038589743589743587
67,1,1,0,0,0,0,1,0,0,0,0.0037852564102564103
68,0,0,1,0,0,0,1,0,0,0,0.004028205128205129
69,1,0,1,0,0,0,1,0,0,0,0.0038205128205128203
70,0,1,1,0,0,0,1,0,0,0,0.0038269230769230767
71,1,1,1,0,0,0,1,0,0,0,0.003778846153846154
72,0,0,0,1,0,0,1,0,0,0,0.003787179487179487
73,1,0,0,1,0,0,1,0,0,0,0.0037756410256410255
74,0,1,0,1,0,0,1,0,0,0,0.003814102564102564
75,1,1,0,1,0,0,1,0,0,0,0.003794871794871795
76,0,0,1,1,0,0,1,0,0,0,0.003772435897435897
77,1,0,1,1,0,0,1,0,0,0,0.0038076923076923075
78,0,1,1,1,0,0,1,0,0,0,0.003769230769230769
79,1,1,1,1,0,0,1,0,0,0,0.003948717948717949
80,0,0,0,0,1,0,1,0,0,0,0.004446153846153845
81,1,0,0,0,1,0,1,0,0,0,0.00396474358974359
82,0,1,0,0,1,0,1,0,0,0,0.004312820512820513
83,1,1,0,0,1,0,1,0,0,0,0.004413461538461538
84,0,0,1,0,1,0,1,0,0,0,0.005339743589743589
85,1,0,1,0,1,0,1,0,0,0,0.004494871794871795
86,0,1,1,0,1,0,1,0,0,0,0.0038487179487179486
87,1,1,1,0,1,0,1,0,0,0,0.003996794871794872
88,0,0,0,1,1,0,1,0,0,0,0.004022435897435898
89,1,0,0,1,1,0,1,0,0,0,0.004317307692307692
90,0,1,0,1,1,0,1,0,0,0,0.003932692307692307
91,1,1,0,1,1,0,1,0,0,0,0.003961538461538461
92,0,0,1,1,1,0,1,0,0,0,0.003833333333333333
93,1,0,1,1,1,0,1,0,0,0,0.003923076923076923
94,0,1,1,1,1,0,1,0,0,0,0.00528525641025641
95,1,1,1,1,1,0,1,0,0,0,0.003776923076923077
96,0,0,0,0,0,1,1,0,0,0,0.0044641025641025634
97,1,0,0,0,0,1,1,0,0,0,0.004048076923076923
98,0,1,0,0,0,1,1,0,0,0,0.005156410256410257
99,1,1,0,0,0,1,1,0,0,0,0.003846153846153846
100,0,0,1,0,0,1,1,0,0,0,0.004003205128205128
101,1,0,1,0,0,1,1,0,0,0,0.004147435897435898
102,0,1,1,0,0,1,1,0,0,0,0.0039006410256410256
103,1,1,1,0,0,1,1,0,0,0,0.0038237179487179487
104,0,0,0,1,0,1,1,0,0,0,0.004441025641025641
105,1,0,0,1,0,1,1,0,0,0,0.0037564102564102563
106,0,1,0,1,0,1,1,0,0,0,0.004948717948717948
107,1,1,0,1,0,1,1,0,0,0,0.004618589743589743
108,0,0,1,1,0,1,1,0,0,0,0.004825641025641026
109,1,0,1,1,0,1,1,0,0,0,0.00428525641025641
110,0,1,1,1,0,1,1,0,0,0,0.004185897435897435
111,1,1,1,1,0,1,1,0,0,0,0.004605128205128205
112,0,0,0,0,1,1,1,0,0,0,0.005205128205128205
113,1,0,0,0,1,1,1,0,0,0,0.0044967948717948725
114,0,1,0,0,1,1,1,0,0,0,0.004558974358974359
115,1,1,0,0,1,1,1,0,0,0,0.00453525641025641
116,0,0,1,0,1,1,1,0,0,0,0.003913461538461538
117,1,0,1,0,1,1,1,0,0,0,0.005225641025641025
118,0,1,1,0,1,1,1,0,0,0,0.004147435897435898
119,1,1,1,0,1,1,1,0,0,0,0.005094871794871795
120,0,0,0,1,1,1,1,0,0,0,0.003842948717948718
121,1,0,0,1,1,1,1,0,0,0,0.005073717948717949
122,0,1,0,1,1,1,1,0,0,0,0.0038487179487179486
123,1,1,0,1,1,1,1,0,0,0,0.004787179487179487
124,0,0,1,1,1,1,1,0,0,0,0.003897435897435897
125,1,0,1,1,1,1,1,0,0,0,0.003996794871794872
126,0,1,1,1,1,1,1,0,0,0,0.004776923076923076
127,1,1,1,1,1,1,1,0,0,0,0.0040999999999999995
128,0,0,0,0,0,0,0,1,0,0,0.004185897435897436
129,1,0,0,0,0,0,0,1,0,0,0.004435897435897436
130,0,1,0,0,0,0,0,1,0,0,0.003955128205128205
131,1,1,0,0,0,0,0,1,0,0,0.003891025641025641
132,0,0,1,0,0,0,0,1,0,0,0.0038589743589743587
133,1,0,1,0,0,0,0,1,0,0,0.003932692307692308
134,0,1,1,0,0,0,0,1,0,0,0.003961538461538461
135,1,1,1,0,0,0,0,1,0,0,0.004289743589743589
136,0,0,0,1,0,0,0,1,0,0,0.00378525641025641
137,1,0,0,1,0,0,0,1,0,0,0.0037852564102564103
138,0,1,0,1,0,0,0,1,0,0,0.0056410256410256415
139,1,1,0,1,0,0,0,1,0,0,0.003951923076923077
140,0,0,1,1,0,0,0,1,0,0,0.0037717948717948717
141,1,0,1,1,0,0,0,1,0,0,0.0038814102564102564
142,0,1,1,1,0,0,0,1,0,0,0.003929487179487179
143,1,1,1,1,0,0,0,1,0,0,0.003903846153846154
144,0,0,0,0,1,0,0,1,0,0,0.0038557692307692303
145,1,0,0,0,1,0,0,1,0,0,0.005820512820512822
146,0,1,0,0,1,0,0,1,0,0,0.0040480769230769225
147,1,1,0,0,1,0,0,1,0,0,0.0038525641025641023
148,0,0,1,0,1,0,0,1,0,0,0.0038358974358974353
149,1,0,1,0,1,0,0,1,0,0,0.004312820512820513
150,0,1,1,0,1,0,0,1,0,0,0.00421025641025641
151,1,1,1,0,1,0,0,1,0,0,0.00391025641025641
152,0,0,0,1,1,0,0,1,0,0,0.0038814102564102564
153,1,0,0,1,1,0,0,1,0,0,0.004003205128205129
154,0,1,0,1,1,0,0,1,0,0,0.004682692307692308
155,1,1,0,1,1,0,0,1,0,0,0.004448717948717948
156,0,0,1,1,1,0,0,1,0,0,0.0038429487179487175
157,1,0,1,1,1,0,0,1,0,0,0.004221153846153846
158,0,1,1,1,1,0,0,1,0,0,0.003769230769230769
159,1,1,1,1,1,0,0,1,0,0,0.004507692307692308
160,0,0,0,0,0,1,0,1,0,0,0.0038782051282051284
161,1,0,0,0,0,1,0,1,0,0,0.0038237179487179487
162,0,1,0,0,0,1,0,1,0,0,0.004287179487179487
163,1,1,0,0,0,1,0,1,0,0,0.003961538461538461
164,0,0,1,0,0,1,0,1,0,0,0.0038301282051282047
165,1,0,1,0,0,1,0,1,0,0,0.0042403846153846155
166,0,1,1,0,0,1,0,1,0,0,0.003923076923076923
167,1,1,1,0,0,1,0,1,0,0,0.003798076923076923
168,0,0,0,1,0,1,0,1,0,0,0.003967948717948718
169,1,0,0,1,0,1,0,1,0,0,0.0038493589743589744
170,0,1,0,1,0,1,0,1,0,0,0.003868589743589743
171,1,1,0,1,0,1,0,1,0,0,0.0037435897435897435
172,0,0,1,1,0,1,0,1,0,0,0.003810897435897436
173,1,0,1,1,0,1,0,1,0,0,0.003929487179487179
174,0,1,1,1,0,1,0,1,0,0,0.0038173076923076923
175,1,1,1,1,0,1,0,1,0,0,0.00375
176,0,0,0,0,1,1,0,1,0,0,0.0038897435897435897
177,1,0,0,0,1,1,0,1,0,0,0.0038692307692307693
178,0,1,0,0,1,1,0,1,0,0,0.00396474358974359
179,1,1,0,0,1,1,0,1,0,0,0.004192307692307692
180,0,0,1,0,1,1,0,1,0,0,0.003862179487179487
181,1,0,1,0,1,1,0,1,0,0,0.004435897435897436
182,0,1,1,0,1,1,0,1,0,0,0.0038237179487179487
183,1,1,1,0,1,1,0,1,0,0,0.004097435897435897
184,0,0,0,1,1,1,0,1,0,0,0.004137820512820513
185,1,0,0,1,1,1,0,1,0,0,0.004423076923076923
186,0,1,0,1,1,1,0,1,0,0,0.004182692307692307
187,1,1,0,1,1,1,0,1,0,0,0.00396474358974359
188,0,0,1,1,1,1,0,1,0,0,0.00383974358974359
189,1,0,1,1,1,1,0,1,0,0,0.005369230769230769
190,0,1,1,1,1,1,0,1,0,0,0.003967948717948718
191,1,1,1,1,1,1,0,1,0,0,0.004187179487179487
192,0,0,0,0,0,0,1,1,0,0,0.003942307692307692
193,1,0,0,0,0,0,1,1,0,0,0.005135897435897436
194,0,1,0,0,0,0,1,1,0,0,0.004292307692307692
195,1,1,0,0,0,0,1,1,0,0,0.003987179487179487
196,0,0,1,0,0,0,1,1,0,0,0.003948717948717948
197,1,0,1,0,0,0,1,1,0,0,0.005
198,0,1,1,0,0,0,1,1,0,0,0.003801282051282051
199,1,1,1,0,0,0,1,1,0,0,0.003919871794871795
200,0,0,0,1,0,0,1,1,0,0,0.0038153846153846155
201,1,0,0,1,0,0,1,1,0,0,0.0039006410256410256
202,0,1,0,1,0,0,1,1,0,0,0.003810897435897436
203,1,1,0,1,0,0,1,1,0,0,0.003919871794871794
204,0,0,1,1,0,0,1,1,0,0,0.003951923076923077
205,1,0,1,1,0,0,1,1,0,0,0.003865384615384615
206,0,1,1,1,0,0,1,1,0,0,0.003925641025641026
207,1,1,1,1,0,0,1,1,0,0,0.0039775641025641024
208,0,0,0,0,1,0,1,1,0,0,0.0040352564102564105
209,1,0,0,0,1,0,1,1,0,0,0.003935897435897436
210,0,1,0,0,1,0,1,1,0,0,0.004371794871794872
211,1,1,0,0,1,0,1,1,0,0,0.0038910256410256408
212,0,0,1,0,1,0,1,1,0,0,0.004493589743589743
213,1,0,1,0,1,0,1,1,0,0,0.003878205128205128
214,0,1,1,0,1,0,1,1,0,0,0.00408974358974359
215,1,1,1,0,1,0,1,1,0,0,0.0038461538461538455
216,0,0,0,1,1,0,1,1,0,0,0.0040480769230769225
217,1,0,0,1,1,0,1,1,0,0,0.003966666666666666
218,0,1,0,1,1,0,1,1,0,0,0.004494871794871794
219,1,1,0,1,1,0,1,1,0,0,0.003814102564102564
220,0,0,1,1,1,0,1,1,0,0,0.0038269230769230767
221,1,0,1,1,1,0,1,1,0,0,0.0038525641025641023
222,0,1,1,1,1,0,1,1,0,0,0.003782051282051282
223,1,1,1,1,1,0,1,1,0,0,0.0037724358974358975
224,0,0,0,0,0,1,1,1,0,0,0.004376923076923077
225,1,0,0,0,0,1,1,1,0,0,0.004016025641025641
226,0,1,0,0,0,1,1,1,0,0,0.003884615384615385
227,1,1,0,0,0,1,1,1,0,0,0.0038429487179487175
228,0,0,1,0,0,1,1,1,0,0,0.004548717948717949
229,1,0,1,0,0,1,1,1,0,0,0.003817307692307692
230,0,1,1,0,0,1,1,1,0,0,0.0038512820512820512
231,1,1,1,0,0,1,1,1,0,0,0.00441025641025641
232,0,0,0,1,0,1,1,1,0,0,0.00378525641025641
233,1,0,0,1,0,1,1,1,0,0,0.003987179487179487
234,0,1,0,1,0,1,1,1,0,0,0.005076923076923077
235,1,1,0,1,0,1,1,1,0,0,0.0037384615384615386
236,0,0,1,1,0,1,1,1,0,0,0.0038153846153846155
237,1,0,1,1,0,1,1,1,0,0,0.004941025641025641
238,0,1,1,1,0,1,1,1,0,0,0.003798076923076923
239,1,1,1,1,0,1,1,1,0,0,0.004505128205128205
240,0,0,0,0,1,1,1,1,0,0,0.003982051282051282
241,1,0,0,0,1,1,1,1,0,0,0.004333333333333333
242,0,1,0,0,1,1,1,1,0,0,0.004115384615384615
243,1,1,0,0,1,1,1,1,0,0,0.004730769230769231
244,0,0,1,0,1,1,1,1,0,0,0.00428525641025641
245,1,0,1,0,1,1,1,1,0,0,0.00408974358974359
246,0,1,1,0,1,1,1,1,0,0,0.004115384615384615
247,1,1,1,0,1,1,1,1,0,0,0.003961538461538462
248,0,0,0,1,1,1,1,1,0,0,0.00433974358974359
249,1,0,0,1,1,1,1,1,0,0,0.004128205128205128
250,0,1,0,1,1,1,1,1,0,0,0.00467948717948718
251,1,1,0,1,1,1,1,1,0,0,0.0038589743589743587
252,0,0,1,1,1,1,1,1,0,0,0.004237179487179487
253,1,0,1,1,1,1,1,1,0,0,0.003830128205128205
254,0,1,1,1,1,1,1,1,0,0,0.004006410256410256
255,1,1,1,1,1,1,1,1,0,0,0.003807692307692308
256,0,0,0,0,0,0,0,0,1,0,0.003897435897435897
257,1,0,0,0,0,0,0,0,1,0,0.0041057692307692305
258,0,1,0,0,0,0,0,0,1,0,0.004
259,1,1,0,0,0,0,0,0,1,0,0.0038237179487179483
260,0,0,1,0,0,0,0,0,1,0,0.003935897435897436
261,1,0,1,0,0,0,0,0,1,0,0.0038269230769230767
262,0,1,1,0,0,0,0,0,1,0,0.005082051282051281
263,1,1,1,0,0,0,0,0,1,0,0.0038076923076923075
264,0,0,0,1,0,0,0,0,1,0,0.003810897435897436
265,1,0,0,1,0,0,0,0,1,0,0.0037756410256410255
266,0,1,0,1,0,0,0,0,1,0,0.004558974358974359
267,1,1,0,1,0,0,0,0,1,0,0.004605769230769231
268,0,0,1,1,0,0,0,0,1,0,0.003856410256410256
269,1,0,1,1,0,0,0,0,1,0,0.004048717948717949
270,0,1,1,1,0,0,0,0,1,0,0.0037275641025641022
271,1,1,1,1,0,0,0,0,1,0,0.0038557692307692303
272,0,0,0,0,1,0,0,0,1,0,0.003833333333333333
273,1,0,0,0,1,0,0,0,1,0,0.0038205128205128203
274,0,1,0,0,1,0,0,0,1,0,0.0038846153846153844
275,1,1,0,0,1,0,0,0,1,0,0.004228205128205128
276,0,0,1,0,1,0,0,0,1,0,0.0038384615384615384
277,1,0,1,0,1,0,0,0,1,0,0.003917948717948718
278,0,1,1,0,1,0,0,0,1,0,0.004130769230769231
279,1,1,1,0,1,0,0,0,1,0,0.003874358974358974
280,0,0,0,1,1,0,0,0,1,0,0.0038749999999999995
281,1,0,0,1,1,0,0,0,1,0,0.003801282051282051
282,0,1,0,1,1,0,0,0,1,0,0.0047205128205128205
283,1,1,0,1,1,0,0,0,1,0,0.003833333333333333
284,0,0,1,1,1,0,0,0,1,0,0.003967948717948718
285,1,0,1,1,1,0,0,0,1,0,0.0037948717948717947
286,0,1,1,1,1,0,0,0,1,0,0.0037916666666666663
287,1,1,1,1,1,0,0,0,1,0,0.0038641025641025636
288,0,0,0,0,0,1,0,0,1,0,0.0038044871794871795
289,1,0,0,0,0,1,0,0,1,0,0.0038846153846153844
290,0,1,0,0,0,1,0,0,1,0,0.0038512820512820512
291,1,1,0,0,0,1,0,0,1,0,0.0037980769230769227
292,0,0,1,0,0,1,0,0,1,0,0.0038589743589743587
293,1,0,1,0,0,1,0,0,1,0,0.0038384615384615384
294,0,1,1,0,0,1,0,0,1,0,0.003938461538461538
295,1,1,1,0,0,1,0,0,1,0,0.0038589743589743587
296,0,0,0,1,0,1,0,0,1,0,0.0038461538461538464
297,1,0,0,1,0,1,0,0,1,0,0.0037628205128205127
298,0,1,0,1,0,1,0,0,1,0,0.003717948717948718
299,1,1,0,1,0,1,0,0,1,0,0.00375
300,0,0,1,1,0,1,0,0,1,0,0.003778846153846154
301,1,0,1,1,0,1,0,0,1,0,0.003769230769230769
302,0,1,1,1,0,1,0,0,1,0,0.004474358974358975
303,1,1,1,1,0,1,0,0,1,0,0.0039807692307692304
304,0,0,0,0,1,1,0,0,1,0,0.003961538461538462
305,1,0,0,0,1,1,0,0,1,0,0.0044025641025641025
306,0,1,0,0,1,1,0,0,1,0,0.0039615384615384625
307,1,1,0,0,1,1,0,0,1,0,0.0038621794871794867
308,0,0,1,0,1,1,0,0,1,0,0.0038493589743589744
309,1,0,1,0,1,1,0,0,1,0,0.0042403846153846155
310,0,1,1,0,1,1,0,0,1,0,0.003990384615384615
311,1,1,1,0,1,1,0,0,1,0,0.0038685897435897436
312,0,0,0,1,1,1,0,0,1,0,0.0037948717948717947
313,1,0,0,1,1,1,0,0,1,0,0.0037756410256410255
314,0,1,0,1,1,1,0,0,1,0,0.004182692307692307
315,1,1,0,1,1,1,0,0,1,0,0.0038205128205128203
316,0,0,1,1,1,1,0,0,1,0,0.0037532051282051283
317,1,0,1,1,1,1,0,0,1,0,0.0038205128205128203
318,0,1,1,1,1,1,0,0,1,0,0.003830128205128205
319,1,1,1,1,1,1,0,0,1,0,0.004115384615384615
320,0,0,0,0,0,0,1,0,1,0,0.003817307692307692
321,1,0,0,0,0,0,1,0,1,0,0.003817307692307692
322,0,1,0,0,0,0,1,0,1,0,0.0038173076923076923
323,1,1,0,0,0,0,1,0,1,0,0.00378525641025641
324,0,0,1,0,0,0,1,0,1,0,0.003814102564102564
325,1,0,1,0,0,0,1,0,1,0,0.004346153846153847
326,0,1,1,0,0,0,1,0,1,0,0.0038493589743589744
327,1,1,1,0,0,0,1,0,1,0,0.003980769230769231
328,0,0,0,1,0,0,1,0,1,0,0.0043
329,1,0,0,1,0,0,1,0,1,0,0.003833333333333333
330,0,1,0,1,0,0,1,0,1,0,0.004241025641025641
331,1,1,0,1,0,0,1,0,1,0,0.004121794871794872
332,0,0,1,1,0,0,1,0,1,0,0.004025641025641026
333,1,0,1,1,0,0,1,0,1,0,0.004067307692307692
334,0,1,1,1,0,0,1,0,1,0,0.0037435897435897435
335,1,1,1,1,0,0,1,0,1,0,0.0038782051282051284
336,0,0,0,0,1,0,1,0,1,0,0.004016025641025641
337,1,0,0,0,1,0,1,0,1,0,0.00458974358974359
338,0,1,0,0,1,0,1,0,1,0,0.004182692307692307
339,1,1,0,0,1,0,1,0,1,0,0.0043749999999999995
340,0,0,1,0,1,0,1,0,1,0,0.003817307692307692
341,1,0,1,0,1,0,1,0,1,0,0.00497948717948718
342,0,1,1,0,1,0,1,0,1,0,0.004060897435897435
343,1,1,1,0,1,0,1,0,1,0,0.004256410256410256
344,0,0,0,1,1,0,1,0,1,0,0.0038878205128205128
345,1,0,0,1,1,0,1,0,1,0,0.004262820512820513
346,0,1,0,1,1,0,1,0,1,0,0.004009615384615385
347,1,1,0,1,1,0,1,0,1,0,0.003862179487179487
348,0,0,1,1,1,0,1,0,1,0,0.004692307692307692
349,1,0,1,1,1,0,1,0,1,0,0.0039038461538461536
350,0,1,1,1,1,0,1,0,1,0,0.0039038461538461536
351,1,1,1,1,1,0,1,0,1,0,0.0037756410256410255
352,0,0,0,0,0,1,1,0,1,0,0.004009615384615384
353,1,0,0,0,0,1,1,0,1,0,0.004141025641025641
354,0,1,0,0,0,1,1,0,1,0,0.004298076923076923
355,1,1,0,0,0,1,1,0,1,0,0.004099358974358975
356,0,0,1,0,0,1,1,0,1,0,0.003878205128205128
357,1,0,1,0,0,1,1,0,1,0,0.0038237179487179483
358,0,1,1,0,0,1,1,0,1,0,0.004435897435897436
359,1,1,1,0,0,1,1,0,1,0,0.003926282051282051
360,0,0,0,1,0,1,1,0,1,0,0.003948717948717949
361,1,0,0,1,0,1,1,0,1,0,0.003772435897435897
362,0,1,0,1,0,1,1,0,1,0,0.00466923076923077
363,1,1,0,1,0,1,1,0,1,0,0.004567307692307692
364,0,0,1,1,0,1,1,0,1,0,0.003990384615384615
365,1,0,1,1,0,1,1,0,1,0,0.003958333333333333
366,0,1,1,1,0,1,1,0,1,0,0.003919871794871795
367,1,1,1,1,0,1,1,0,1,0,0.0042467948717948715
368,0,0,0,0,1,1,1,0,1,0,0.004128205128205128
369,1,0,0,0,1,1,1,0,1,0,0.004525641025641025
370,0,1,0,0,1,1,1,0,1,0,0.003903846153846154
371,1,1,0,0,1,1,1,0,1,0,0.003929487179487179
372,0,0,1,0,1,1,1,0,1,0,0.004233974358974359
373,1,0,1,0,1,1,1,0,1,0,0.004064102564102564
374,0,1,1,0,1,1,1,0,1,0,0.003894230769230769
375,1,1,1,0,1,1,1,0,1,0,0.004182051282051282
376,0,0,0,1,1,1,1,0,1,0,0.0038205128205128203
377,1,0,0,1,1,1,1,0,1,0,0.004612179487179487
378,0,1,0,1,1,1,1,0,1,0,0.003810897435897436
379,1,1,0,1,1,1,1,0,1,0,0.0039711538461538465
380,0,0,1,1,1,1,1,0,1,0,0.003932692307692308
381,1,0,1,1,1,1,1,0,1,0,0.004448717948717948
382,0,1,1,1,1,1,1,0,1,0,0.0038269230769230767
383,1,1,1,1,1,1,1,0,1,0,0.004471153846153847
384,0,0,0,0,0,0,0,1,1,0,0.004028846153846154
385,1,0,0,0,0,0,0,1,1,0,0.003919871794871795
386,0,1,0,0,0,0,0,1,1,0,0.004067307692307692
387,1,1,0,0,0,0,0,1,1,0,0.003865384615384615
388,0,0,1,0,0,0,0,1,1,0,0.00403525641025641
389,1,0,1,0,0,0,0,1,1,0,0.004073717948717949
390,0,1,1,0,0,0,0,1,1,0,0.0039743589743589745
391,1,1,1,0,0,0,0,1,1,0,0.003996794871794872
392,0,0,0,1,0,0,0,1,1,0,0.0038525641025641023
393,1,0,0,1,0,0,0,1,1,0,0.004230769230769231
394,0,1,0,1,0,0,0,1,1,0,0.005067307692307692
395,1,1,0,1,0,0,0,1,1,0,0.0038589743589743587
396,0,0,1,1,0,0,0,1,1,0,0.0038
397,1,0,1,1,0,0,0,1,1,0,0.003858974358974359
398,0,1,1,1,0,0,0,1,1,0,0.003833333333333333
399,1,1,1,1,0,0,0,1,1,0,0.003932692307692307
400,0,0,0,0,1,0,0,1,1,0,0.0038846153846153844
401,1,0,0,0,1,0,0,1,1,0,0.0039006410256410256
402,0,1,0,0,1,0,0,1,1,0,0.0041025641025641026
403,1,1,0,0,1,0,0,1,1,0,0.003932692307692307
404,0,0,1,0,1,0,0,1,1,0,0.003792307692307692
405,1,0,1,0,1,0,0,1,1,0,0.0039711538461538465
406,0,1,1,0,1,0,0,1,1,0,0.004003205128205128
407,1,1,1,0,1,0,0,1,1,0,0.0045128205128205125
408,0,0,0,1,1,0,0,1,1,0,0.004016025641025642
409,1,0,0,1,1,0,0,1,1,0,0.0038269230769230767
410,0,1,0,1,1,0,0,1,1,0,0.004
411,1,1,0,1,1,0,0,1,1,0,0.003884615384615385
412,0,0,1,1,1,0,0,1,1,0,0.0038897435897435897
413,1,0,1,1,1,0,0,1,1,0,0.004176282051282051
414,0,1,1,1,1,0,0,1,1,0,0.003916666666666666
415,1,1,1,1,1,0,0,1,1,0,0.0038717948717948716
416,0,0,0,0,0,1,0,1,1,0,0.004484615384615384
417,1,0,0,0,0,1,0,1,1,0,0.004782051282051282
418,0,1,0,0,0,1,0,1,1,0,0.004227564102564103
419,1,1,0,0,0,1,0,1,1,0,0.004548076923076923
420,0,0,1,0,0,1,0,1,1,0,0.004797435897435897
421,1,0,1,0,0,1,0,1,1,0,0.004121794871794872
422,0,1,1,0,0,1,0,1,1,0,0.004341025641025641
423,1,1,1,0,0,1,0,1,1,0,0.003913461538461538
424,0,0,0,1,0,1,0,1,1,0,0.004022435897435898
425,1,0,0,1,0,1,0,1,1,0,0.003951923076923077
426,0,1,0,1,0,1,0,1,1,0,0.004328205128205128
427,1,1,0,1,0,1,0,1,1,0,0.004676282051282051
428,0,0,1,1,0,1,0,1,1,0,0.004394871794871795
429,1,0,1,1,0,1,0,1,1,0,0.004346153846153846
430,0,1,1,1,0,1,0,1,1,0,0.003801282051282051
431,1,1,1,1,0,1,0,1,1,0,0.003846153846153846
432,0,0,0,0,1,1,0,1,1,0,0.005138461538461538
433,1,0,0,0,1,1,0,1,1,0,0.00497948717948718
434,0,1,0,0,1,1,0,1,1,0,0.004275641025641026
435,1,1,0,0,1,1,0,1,1,0,0.004092948717948718
436,0,0,1,0,1,1,0,1,1,0,0.004288461538461539
437,1,0,1,0,1,1,0,1,1,0,0.004597435897435898
438,0,1,1,0,1,1,0,1,1,0,0.004725641025641025
439,1,1,1,0,1,1,0,1,1,0,0.0060410256410256425
440,0,0,0,1,1,1,0,1,1,0,0.004687179487179487
441,1,0,0,1,1,1,0,1,1,0,0.0042128205128205126
442,0,1,0,1,1,1,0,1,1,0,0.0047333333333333324
443,1,1,0,1,1,1,0,1,1,0,0.0050538461538461536
444,0,0,1,1,1,1,0,1,1,0,0.004381410256410256
445,1,0,1,1,1,1,0,1,1,0,0.0043076923076923075
446,0,1,1,1,1,1,0,1,1,0,0.004571794871794871
447,1,1,1,1,1,1,0,1,1,0,0.003961538461538461
448,0,0,0,0,0,0,1,1,1,0,0.0048461538461538455
449,1,0,0,0,0,0,1,1,1,0,0.0049256410256410255
450,0,1,0,0,0,0,1,1,1,0,0.004864102564102564
451,1,1,0,0,0,0,1,1,1,0,0.0038557692307692308
452,0,0,1,0,0,0,1,1,1,0,0.004961538461538462
453,1,0,1,0,0,0,1,1,1,0,0.004438461538461539
454,0,1,1,0,0,0,1,1,1,0,0.004705128205128205
455,1,1,1,0,0,0,1,1,1,0,0.0055128205128205125
456,0,0,0,1,0,0,1,1,1,0,0.004251282051282051
457,1,0,0,1,0,0,1,1,1,0,0.004479487179487179
458,0,1,0,1,0,0,1,1,1,0,0.005476923076923077
459,1,1,0,1,0,0,1,1,1,0,0.004169871794871795
460,0,0,1,1,0,0,1,1,1,0,0.005051282051282051
461,1,0,1,1,0,0,1,1,1,0,0.004294871794871795
462,0,1,1,1,0,0,1,1,1,0,0.004400641025641025
463,1,1,1,1,0,0,1,1,1,0,0.00408974358974359
464,0,0,0,0,1,0,1,1,1,0,0.004528846153846154
465,1,0,0,0,1,0,1,1,1,0,0.004365384615384616
466,0,1,0,0,1,0,1,1,1,0,0.005251282051282051
467,1,1,0,0,1,0,1,1,1,0,0.004230769230769231
468,0,0,1,0,1,0,1,1,1,0,0.004858974358974359
469,1,0,1,0,1,0,1,1,1,0,0.0040384615384615385
470,0,1,1,0,1,0,1,1,1,0,0.004789743589743591
471,1,1,1,0,1,0,1,1,1,0,0.004185897435897436
472,0,0,0,1,1,0,1,1,1,0,0.004163461538461539
473,1,0,0,1,1,0,1,1,1,0,0.004712820512820513
474,0,1,0,1,1,0,1,1,1,0,0.00446474358974359
475,1,1,0,1,1,0,1,1,1,0,0.004330128205128205
476,0,0,1,1,1,0,1,1,1,0,0.004697435897435898
477,1,0,1,1,1,0,1,1,1,0,0.0038525641025641023
478,0,1,1,1,1,0,1,1,1,0,0.004833333333333334
479,1,1,1,1,1,0,1,1,1,0,0.0046230769230769225
480,0,0,0,0,0,1,1,1,1,0,0.004864102564102564
481,1,0,0,0,0,1,1,1,1,0,0.0052282051282051285
482,0,1,0,0,0,1,1,1,1,0,0.004653846153846153
483,1,1,0,0,0,1,1,1,1,0,0.005156410256410256
484,0,0,1,0,0,1,1,1,1,0,0.004997435897435897
485,1,0,1,0,0,1,1,1,1,0,0.0045160256410256405
486,0,1,1,0,0,1,1,1,1,0,0.0041089743589743585
487,1,1,1,0,0,1,1,1,1,0,0.00502820512820513
488,0,0,0,1,0,1,1,1,1,0,0.0047846153846153846
489,1,0,0,1,0,1,1,1,1,0,0.004230769230769231
490,0,1,0,1,0,1,1,1,1,0,0.004416666666666667
491,1,1,0,1,0,1,1,1,1,0,0.004339743589743589
492,0,0,1,1,0,1,1,1,1,0,0.004746153846153846
493,1,0,1,1,0,1,1,1,1,0,0.004724358974358974
494,0,1,1,1,0,1,1,1,1,0,0.004692307692307692
495,1,1,1,1,0,1,1,1,1,0,0.004009615384615384
496,0,0,0,0,1,1,1,1,1,0,0.0040448717948717945
497,1,0,0,0,1,1,1,1,1,0,0.004759615384615385
498,0,1,0,0,1,1,1,1,1,0,0.003929487179487179
499,1,1,0,0,1,1,1,1,1,0,0.005097435897435897
500,0,0,1,0,1,1,1,1,1,0,0.004676282051282052
501,1,0,1,0,1,1,1,1,1,0,0.004057692307692307
502,0,1,1,0,1,1,1,1,1,0,0.005650641025641025
503,1,1,1,0,1,1,1,1,1,0,0.004543589743589744
504,0,0,0,1,1,1,1,1,1,0,0.00432051282051282
505,1,0,0,1,1,1,1,1,1,0,0.004541666666666666
506,0,1,0,1,1,1,1,1,1,0,0.004012820512820513
507,1,1,0,1,1,1,1,1,1,0,0.004262820512820512
508,0,0,1,1,1,1,1,1,1,0,0.004134615384615384
509,1,0,1,1,1,1,1,1,1,0,0.004951282051282051
510,0,1,1,1,1,1,1,1,1,0,0.004646153846153847
511,1,1,1,1,1,1,1,1,1,0,0.004776923076923077
512,0,0,0,0,0,0,0,0,0,1,0.004643589743589744
513,1,0,0,0,0,0,0,0,0,1,0.004419871794871796
514,0,1,0,0,0,0,0,0,0,1,0.004812820512820512
515,1,1,0,0,0,0,0,0,0,1,0.004483974358974359
516,0,0,1,0,0,0,0,0,0,1,0.004953846153846154
517,1,0,1,0,0,0,0,0,0,1,0.004076923076923077
518,0,1,1,0,0,0,0,0,0,1,0.00498974358974359
519,1,1,1,0,0,0,0,0,0,1,0.006333333333333334
520,0,0,0,1,0,0,0,0,0,1,0.006298076923076924
521,1,0,0,1,0,0,0,0,0,1,0.004558974358974359
522,0,1,0,1,0,0,0,0,0,1,0.003919871794871794
523,1,1,0,1,0,0,0,0,0,1,0.004717948717948718
524,0,0,1,1,0,0,0,0,0,1,0.0047115384615384615
525,1,0,1,1,0,0,0,0,0,1,0.004787179487179488
526,0,1,1,1,0,0,0,0,0,1,0.0039743589743589745
527,1,1,1,1,0,0,0,0,0,1,0.004994871794871796
528,0,0,0,0,1,0,0,0,0,1,0.004856410256410256
529,1,0,0,0,1,0,0,0,0,1,0.005002564102564102
530,0,1,0,0,1,0,0,0,0,1,0.004387820512820513
531,1,1,0,0,1,0,0,0,0,1,0.005926282051282051
532,0,0,1,0,1,0,0,0,0,1,0.004291666666666667
533,1,0,1,0,1,0,0,0,0,1,0.005112820512820512
534,0,1,1,0,1,0,0,0,0,1,0.004676923076923077
535,1,1,1,0,1,0,0,0,0,1,0.005543589743589744
536,0,0,0,1,1,0,0,0,0,1,0.00511025641025641
537,1,0,0,1,1,0,0,0,0,1,0.004156410256410256
538,0,1,0,1,1,0,0,0,0,1,0.00468974358974359
539,1,1,0,1,1,0,0,0,0,1,0.004823076923076922
540,0,0,1,1,1,0,0,0,0,1,0.0046256410256410255
541,1,0,1,1,1,0,0,0,0,1,0.0042435897435897435
542,0,1,1,1,1,0,0,0,0,1,0.004394871794871794
543,1,1,1,1,1,0,0,0,0,1,0.004161538461538461
544,0,0,0,0,0,1,0,0,0,1,0.00428525641025641
545,1,0,0,0,0,1,0,0,0,1,0.004108974358974359
546,0,1,0,0,0,1,0,0,0,1,0.004566666666666667
547,1,1,0,0,0,1,0,0,0,1,0.0039647435897435905
548,0,0,1,0,0,1,0,0,0,1,0.0043076923076923075
549,1,0,1,0,0,1,0,0,0,1,0.0045
550,0,1,1,0,0,1,0,0,0,1,0.004856410256410256
551,1,1,1,0,0,1,0,0,0,1,0.004096153846153847
552,0,0,0,1,0,1,0,0,0,1,0.004946153846153846
553,1,0,0,1,0,1,0,0,0,1,0.00403525641025641
554,0,1,0,1,0,1,0,0,0,1,0.004912820512820513
555,1,1,0,1,0,1,0,0,0,1,0.0045794871794871805
556,0,0,1,1,0,1,0,0,0,1,0.0047666666666666664
557,1,0,1,1,0,1,0,0,0,1,0.0040448717948717945
558,0,1,1,1,0,1,0,0,0,1,0.004884615384615385
559,1,1,1,1,0,1,0,0,0,1,0.003939102564102564
560,0,0,0,0,1,1,0,0,0,1,0.004725641025641025
561,1,0,0,0,1,1,0,0,0,1,0.004211538461538461
562,0,1,0,0,1,1,0,0,0,1,0.005033333333333333
563,1,1,0,0,1,1,0,0,0,1,0.0039743589743589745
564,0,0,1,0,1,1,0,0,0,1,0.0049589743589743595
565,1,0,1,0,1,1,0,0,0,1,0.003990384615384615
566,0,1,1,0,1,1,0,0,0,1,0.004651282051282051
567,1,1,1,0,1,1,0,0,0,1,0.0038429487179487175
568,0,0,0,1,1,1,0,0,0,1,0.004484615384615385
569,1,0,0,1,1,1,0,0,0,1,0.003999999999999999
570,0,1,0,1,1,1,0,0,0,1,0.004298076923076923
571,1,1,0,1,1,1,0,0,0,1,0.004016025641025641
572,0,0,1,1,1,1,0,0,0,1,0.0038910256410256408
573,1,0,1,1,1,1,0,0,0,1,0.004003205128205128
574,0,1,1,1,1,1,0,0,0,1,0.004415384615384615
575,1,1,1,1,1,1,0,0,0,1,0.003814102564102564
576,0,0,0,0,0,0,1,0,0,1,0.004067307692307692
577,1,0,0,0,0,0,1,0,0,1,0.004022435897435898
578,0,1,0,0,0,0,1,0,0,1,0.003929487179487179
579,1,1,0,0,0,0,1,0,0,1,0.003846153846153846
580,0,0,1,0,0,0,1,0,0,1,0.0038397435897435895
581,1,0,1,0,0,0,1,0,0,1,0.0045000000000000005
582,0,1,1,0,0,0,1,0,0,1,0.0045673076923076926
583,1,1,1,0,0,0,1,0,0,1,0.004761538461538462
584,0,0,0,1,0,0,1,0,0,1,0.004407051282051282
585,1,0,0,1,0,0,1,0,0,1,0.004019230769230769
586,0,1,0,1,0,0,1,0,0,1,0.003875
587,1,1,0,1,0,0,1,0,0,1,0.0038493589743589744
588,0,0,1,1,0,0,1,0,0,1,0.00428974358974359
589,1,0,1,1,0,0,1,0,0,1,0.003926282051282051
590,0,1,1,1,0,0,1,0,0,1,0.0048307692307692305
591,1,1,1,1,0,0,1,0,0,1,0.004073717948717949
592,0,0,0,0,1,0,1,0,0,1,0.004403846153846154
593,1,0,0,0,1,0,1,0,0,1,0.003951923076923077
594,0,1,0,0,1,0,1,0,0,1,0.004874358974358974
595,1,1,0,0,1,0,1,0,0,1,0.003967948717948718
596,0,0,1,0,1,0,1,0,0,1,0.004884615384615385
597,1,0,1,0,1,0,1,0,0,1,0.0044974358974358974
598,0,1,1,0,1,0,1,0,0,1,0.004897435897435897
599,1,1,1,0,1,0,1,0,0,1,0.0041820512820512825
600,0,0,0,1,1,0,1,0,0,1,0.005551282051282051
601,1,0,0,1,1,0,1,0,0,1,0.003913461538461538
602,0,1,0,1,1,0,1,0,0,1,0.00428525641025641
603,1,1,0,1,1,0,1,0,0,1,0.004054487179487179
604,0,0,1,1,1,0,1,0,0,1,0.004738461538461539
605,1,0,1,1,1,0,1,0,0,1,0.003913461538461538
606,0,1,1,1,1,0,1,0,0,1,0.004553846153846153
607,1,1,1,1,1,0,1,0,0,1,0.004179487179487179
608,0,0,0,0,0,1,1,0,0,1,0.005323076923076923
609,1,0,0,0,0,1,1,0,0,1,0.003942307692307692
610,0,1,0,0,0,1,1,0,0,1,0.004435897435897436
611,1,1,0,0,0,1,1,0,0,1,0.004185897435897436
612,0,0,1,0,0,1,1,0,0,1,0.004375
613,1,0,1,0,0,1,1,0,0,1,0.004805128205128205
614,0,1,1,0,0,1,1,0,0,1,0.004787179487179487
615,1,1,1,0,0,1,1,0,0,1,0.005576923076923077
616,0,0,0,1,0,1,1,0,0,1,0.005012820512820512
617,1,0,0,1,0,1,1,0,0,1,0.004566666666666667
618,0,1,0,1,0,1,1,0,0,1,0.004933333333333333
619,1,1,0,1,0,1,1,0,0,1,0.004871794871794871
620,0,0,1,1,0,1,1,0,0,1,0.004782051282051282
621,1,0,1,1,0,1,1,0,0,1,0.004751282051282051
622,0,1,1,1,0,1,1,0,0,1,0.004282051282051282
623,1,1,1,1,0,1,1,0,0,1,0.004633333333333333
624,0,0,0,0,1,1,1,0,0,1,0.004346153846153847
625,1,0,0,0,1,1,1,0,0,1,0.004753846153846154
626,0,1,0,0,1,1,1,0,0,1,0.0042339743589743595
627,1,1,0,0,1,1,1,0,0,1,0.004851282051282052
628,0,0,1,0,1,1,1,0,0,1,0.004262820512820512
629,1,0,1,0,1,1,1,0,0,1,0.005269230769230769
630,0,1,1,0,1,1,1,0,0,1,0.0043044871794871795
631,1,1,1,0,1,1,1,0,0,1,0.005202564102564102
632,0,0,0,1,1,1,1,0,0,1,0.003913461538461538
633,1,0,0,1,1,1,1,0,0,1,0.004621794871794872
634,0,1,0,1,1,1,1,0,0,1,0.004397435897435897
635,1,1,0,1,1,1,1,0,0,1,0.004067307692307692
636,0,0,1,1,1,1,1,0,0,1,0.0041057692307692305
637,1,0,1,1,1,1,1,0,0,1,0.003871794871794872
638,0,1,1,1,1,1,1,0,0,1,0.004915384615384615
639,1,1,1,1,1,1,1,0,0,1,0.004717948717948717
640,0,0,0,0,0,0,0,1,0,1,0.004853846153846155
641,1,0,0,0,0,0,0,1,0,1,0.0038974358974358976
642,0,1,0,0,0,0,0,1,0,1,0.004195512820512821
643,1,1,0,0,0,0,0,1,0,1,0.005556410256410256
644,0,0,1,0,0,0,0,1,0,1,0.004366666666666666
645,1,0,1,0,0,0,0,1,0,1,0.004230769230769231
646,0,1,1,0,0,0,0,1,0,1,0.00467948717948718
647,1,1,1,0,0,0,0,1,0,1,0.004048076923076923
648,0,0,0,1,0,0,0,1,0,1,0.004323717948717948
649,1,0,0,1,0,0,0,1,0,1,0.004217948717948718
650,0,1,0,1,0,0,0,1,0,1,0.004439102564102564
651,1,1,0,1,0,0,0,1,0,1,0.004682051282051282
652,0,0,1,1,0,0,0,1,0,1,0.0045000000000000005
653,1,0,1,1,0,0,0,1,0,1,0.004805128205128205
654,0,1,1,1,0,0,0,1,0,1,0.005528205128205128
655,1,1,1,1,0,0,0,1,0,1,0.004266025641025641
656,0,0,0,0,1,0,0,1,0,1,0.0048025641025641035
657,1,0,0,0,1,0,0,1,0,1,0.004807692307692307
658,0,1,0,0,1,0,0,1,0,1,0.004131410256410257
659,1,1,0,0,1,0,0,1,0,1,0.005030769230769232
660,0,0,1,0,1,0,0,1,0,1,0.004294871794871795
661,1,0,1,0,1,0,0,1,0,1,0.004907692307692308
662,0,1,1,0,1,0,0,1,0,1,0.004016025641025641
663,1,1,1,0,1,0,0,1,0,1,0.004628205128205129
664,0,0,0,1,1,0,0,1,0,1,0.004251282051282052
665,1,0,0,1,1,0,0,1,0,1,0.004794871794871794
666,0,1,0,1,1,0,0,1,0,1,0.004051282051282051
667,1,1,0,1,1,0,0,1,0,1,0.004923076923076923
668,0,0,1,1,1,0,0,1,0,1,0.004156410256410255
669,1,0,1,1,1,0,0,1,0,1,0.005074358974358975
670,0,1,1,1,1,0,0,1,0,1,0.003955128205128205
671,1,1,1,1,1,0,0,1,0,1,0.004333333333333333
672,0,0,0,0,0,1,0,1,0,1,0.005071794871794872
673,1,0,0,0,0,1,0,1,0,1,0.005074358974358975
674,0,1,0,0,0,1,0,1,0,1,0.0042435897435897435
675,1,1,0,0,0,1,0,1,0,1,0.004851282051282051
676,0,0,1,0,0,1,0,1,0,1,0.004287179487179488
677,1,0,1,0,0,1,0,1,0,1,0.0043749999999999995
678,0,1,1,0,0,1,0,1,0,1,0.004089743589743589
679,1,1,1,0,0,1,0,1,0,1,0.004792307692307692
680,0,0,0,1,0,1,0,1,0,1,0.004368589743589743
681,1,0,0,1,0,1,0,1,0,1,0.003919871794871795
682,0,1,0,1,0,1,0,1,0,1,0.004041666666666667
683,1,1,0,1,0,1,0,1,0,1,0.004964102564102563
684,0,0,1,1,0,1,0,1,0,1,0.004243589743589743
685,1,0,1,1,0,1,0,1,0,1,0.005215384615384616
686,0,1,1,1,0,1,0,1,0,1,0.004060897435897435
687,1,1,1,1,0,1,0,1,0,1,0.004805128205128205
688,0,0,0,0,1,1,0,1,0,1,0.004073717948717949
689,1,0,0,0,1,1,0,1,0,1,0.00508974358974359
690,0,1,0,0,1,1,0,1,0,1,0.004073717948717949
691,1,1,0,0,1,1,0,1,0,1,0.005071794871794872
692,0,0,1,0,1,1,0,1,0,1,0.004423076923076924
693,1,0,1,0,1,1,0,1,0,1,0.004564102564102565
694,0,1,1,0,1,1,0,1,0,1,0.004298076923076923
695,1,1,1,0,1,1,0,1,0,1,0.0054641025641025635
696,0,0,0,1,1,1,0,1,0,1,0.004797435897435897
697,1,0,0,1,1,1,0,1,0,1,0.004782051282051282
698,0,1,0,1,1,1,0,1,0,1,0.004019230769230769
699,1,1,0,1,1,1,0,1,0,1,0.004849358974358975
700,0,0,1,1,1,1,0,1,0,1,0.004543589743589744
701,1,0,1,1,1,1,0,1,0,1,0.004477564102564103
702,0,1,1,1,1,1,0,1,0,1,0.0048000000000000004
703,1,1,1,1,1,1,0,1,0,1,0.00428525641025641
704,0,0,0,0,0,0,1,1,0,1,0.004825641025641025
705,1,0,0,0,0,0,1,1,0,1,0.004355769230769231
706,0,1,0,0,0,0,1,1,0,1,0.004717948717948717
707,1,1,0,0,0,0,1,1,0,1,0.005310256410256411
708,0,0,1,0,0,0,1,1,0,1,0.00467948717948718
709,1,0,1,0,0,0,1,1,0,1,0.005415384615384615
710,0,1,1,0,0,0,1,1,0,1,0.00511025641025641
711,1,1,1,0,0,0,1,1,0,1,0.004141025641025641
712,0,0,0,1,0,0,1,1,0,1,0.0043749999999999995
713,1,0,0,1,0,0,1,1,0,1,0.005276923076923077
714,0,1,0,1,0,0,1,1,0,1,0.0046102564102564105
715,1,1,0,1,0,0,1,1,0,1,0.004419871794871795
716,0,0,1,1,0,0,1,1,0,1,0.00492628205128205
717,1,0,1,1,0,0,1,1,0,1,0.004141025641025641
718,0,1,1,1,0,0,1,1,0,1,0.004615384615384615
719,1,1,1,1,0,0,1,1,0,1,0.003833333333333333
720,0,0,0,0,1,0,1,1,0,1,0.004928205128205128
721,1,0,0,0,1,0,1,1,0,1,0.0039038461538461536
722,0,1,0,0,1,0,1,1,0,1,0.004349358974358974
723,1,1,0,0,1,0,1,1,0,1,0.0041089743589743585
724,0,0,1,0,1,0,1,1,0,1,0.004861538461538461
725,1,0,1,0,1,0,1,1,0,1,0.003935897435897436
726,0,1,1,0,1,0,1,1,0,1,0.003929487179487179
727,1,1,1,0,1,0,1,1,0,1,0.0040448717948717945
728,0,0,0,1,1,0,1,1,0,1,0.023941025641025643
729,1,0,0,1,1,0,1,1,0,1,0.003865384615384615
730,0,1,0,1,1,0,1,1,0,1,0.004425641025641025
731,1,1,0,1,1,0,1,1,0,1,0.003907051282051282
732,0,0,1,1,1,0,1,1,0,1,0.004694871794871795
733,1,0,1,1,1,0,1,1,0,1,0.0044666666666666665
734,0,1,1,1,1,0,1,1,0,1,0.0038076923076923075
735,1,1,1,1,1,0,1,1,0,1,0.004237179487179487
736,0,0,0,0,0,1,1,1,0,1,0.004016025641025641
737,1,0,0,0,0,1,1,1,0,1,0.004157051282051282
738,0,1,0,0,0,1,1,1,0,1,0.003945512820512821
739,1,1,0,0,0,1,1,1,0,1,0.004621794871794872
740,0,0,1,0,0,1,1,1,0,1,0.004333333333333333
741,1,0,1,0,0,1,1,1,0,1,0.004725641025641025
742,0,1,1,0,0,1,1,1,0,1,0.005171794871794871
743,1,1,1,0,0,1,1,1,0,1,0.004851282051282052
744,0,0,0,1,0,1,1,1,0,1,0.004253205128205128
745,1,0,0,1,0,1,1,1,0,1,0.004458333333333333
746,0,1,0,1,0,1,1,1,0,1,0.004096153846153847
747,1,1,0,1,0,1,1,1,0,1,0.005571794871794872
748,0,0,1,1,0,1,1,1,0,1,0.004105128205128205
749,1,0,1,1,0,1,1,1,0,1,0.004874358974358973
750,0,1,1,1,0,1,1,1,0,1,0.004851282051282051
751,1,1,1,1,0,1,1,1,0,1,0.004956410256410256
752,0,0,0,0,1,1,1,1,0,1,0.004272435897435897
753,1,0,0,0,1,1,1,1,0,1,0.0047666666666666664
754,0,1,0,0,1,1,1,1,0,1,0.004560897435897436
755,1,1,0,0,1,1,1,1,0,1,0.005144230769230769
756,0,0,1,0,1,1,1,1,0,1,0.00442948717948718
757,1,0,1,0,1,1,1,1,0,1,0.004419871794871795
758,0,1,1,0,1,1,1,1,0,1,0.004864102564102564
759,1,1,1,0,1,1,1,1,0,1,0.004560897435897436
760,0,0,0,1,1,1,1,1,0,1,0.004951282051282051
761,1,0,0,1,1,1,1,1,0,1,0.00502051282051282
762,0,1,0,1,1,1,1,1,0,1,0.004741025641025641
763,1,1,0,1,1,1,1,1,0,1,0.004233974358974359
764,0,0,1,1,1,1,1,1,0,1,0.004807692307692308
765,1,0,1,1,1,1,1,1,0,1,0.0049435897435897444
766,0,1,1,1,1,1,1,1,0,1,0.003836538461538461
767,1,1,1,1,1,1,1,1,0,1,0.0054455128205128205
768,0,0,0,0,0,0,0,0,1,1,0.0045769230769230765
769,1,0,0,0,0,0,0,0,1,1,0.004266025641025641
770,0,1,0,0,0,0,0,0,1,1,0.003836538461538461
771,1,1,0,0,0,0,0,0,1,1,0.004971794871794872
772,0,0,1,0,0,0,0,0,1,1,0.003945512820512821
773,1,0,1,0,0,0,0,0,1,1,0.004792307692307692
774,0,1,1,0,0,0,0,0,1,1,0.004951923076923077
775,1,1,1,0,0,0,0,0,1,1,0.004432692307692308
776,0,0,0,1,0,0,0,0,1,1,0.00419551282051282
777,1,0,0,1,0,0,0,0,1,1,0.004224358974358974
778,0,1,0,1,0,0,0,0,1,1,0.0038429487179487175
779,1,1,0,1,0,0,0,0,1,1,0.004948717948717949
780,0,0,1,1,0,0,0,0,1,1,0.004917948717948718
781,1,0,1,1,0,0,0,0,1,1,0.004894871794871794
782,0,1,1,1,0,0,0,0,1,1,0.004712820512820513
783,1,1,1,1,0,0,0,0,1,1,0.004787179487179487
784,0,0,0,0,1,0,0,0,1,1,0.005238461538461539
785,1,0,0,0,1,0,0,0,1,1,0.004933333333333333
786,0,1,0,0,1,0,0,0,1,1,0.004858974358974358
787,1,1,0,0,1,0,0,0,1,1,0.005166666666666667
788,0,0,1,0,1,0,0,0,1,1,0.004905128205128206
789,1,0,1,0,1,0,0,0,1,1,0.003945512820512821
790,0,1,1,0,1,0,0,0,1,1,0.00503076923076923
791,1,1,1,0,1,0,0,0,1,1,0.004223076923076923
792,0,0,0,1,1,0,0,0,1,1,0.004774358974358975
793,1,0,0,1,1,0,0,0,1,1,0.003913461538461538
794,0,1,0,1,1,0,0,0,1,1,0.004326923076923076
795,1,1,0,1,1,0,0,0,1,1,0.004916666666666667
796,0,0,1,1,1,0,0,0,1,1,0.0038717948717948716
797,1,0,1,1,1,0,0,0,1,1,0.004987179487179487
798,0,1,1,1,1,0,0,0,1,1,0.004528846153846153
799,1,1,1,1,1,0,0,0,1,1,0.0044455128205128204
800,0,0,0,0,0,1,0,0,1,1,0.004679487179487179
801,1,0,0,0,0,1,0,0,1,1,0.005294871794871795
802,0,1,0,0,0,1,0,0,1,1,0.0048641025641025645
803,1,1,0,0,0,1,0,0,1,1,0.00524102564102564
804,0,0,1,0,0,1,0,0,1,1,0.0047692307692307695
805,1,0,1,0,0,1,0,0,1,1,0.005128205128205129
806,0,1,1,0,0,1,0,0,1,1,0.0047205128205128205
807,1,1,1,0,0,1,0,0,1,1,0.004946153846153846
808,0,0,0,1,0,1,0,0,1,1,0.004294871794871796
809,1,0,0,1,0,1,0,0,1,1,0.004397435897435897
810,0,1,0,1,0,1,0,0,1,1,0.004833333333333334
811,1,1,0,1,0,1,0,0,1,1,0.0040416666666666665
812,0,0,1,1,0,1,0,0,1,1,0.0046076923076923074
813,1,0,1,1,0,1,0,0,1,1,0.004080128205128205
814,0,1,1,1,0,1,0,0,1,1,0.004761538461538461
815,1,1,1,1,0,1,0,0,1,1,0.004057692307692307
816,0,0,0,0,1,1,0,0,1,1,0.004269230769230769
817,1,0,0,0,1,1,0,0,1,1,0.004137820512820513
818,0,1,0,0,1,1,0,0,1,1,0.004112179487179487
819,1,1,0,0,1,1,0,0,1,1,0.0047083333333333335
820,0,0,1,0,1,1,0,0,1,1,0.004358974358974359
821,1,0,1,0,1,1,0,0,1,1,0.010192307692307691
822,0,1,1,0,1,1,0,0,1,1,0.0060538461538461544
823,1,1,1,0,1,1,0,0,1,1,0.003929487179487179
824,0,0,0,1,1,1,0,0,1,1,0.004333333333333333
825,1,0,0,1,1,1,0,0,1,1,0.0038269230769230767
826,0,1,0,1,1,1,0,0,1,1,0.00497948717948718
827,1,1,0,1,1,1,0,0,1,1,0.0040448717948717945
828,0,0,1,1,1,1,0,0,1,1,0.004455128205128204
829,1,0,1,1,1,1,0,0,1,1,0.004612820512820513
830,0,1,1,1,1,1,0,0,1,1,0.004746153846153846
831,1,1,1,1,1,1,0,0,1,1,0.004115384615384615
832,0,0,0,0,0,0,1,0,1,1,0.0050230769230769235
833,1,0,0,0,0,0,1,0,1,1,0.0046743589743589746
834,0,1,0,0,0,0,1,0,1,1,0.0049256410256410255
835,1,1,0,0,0,0,1,0,1,1,0.004838461538461539
836,0,0,1,0,0,0,1,0,1,1,0.0041698717948717955
837,1,0,1,0,0,0,1,0,1,1,0.007467948717948718
838,0,1,1,0,0,0,1,0,1,1,0.004
839,1,1,1,0,0,0,1,0,1,1,0.004403846153846154
840,0,0,0,1,0,0,1,0,1,1,0.004356410256410257
841,1,0,0,1,0,0,1,0,1,1,0.0038269230769230767
842,0,1,0,1,0,0,1,0,1,1,0.003846153846153846
843,1,1,0,1,0,0,1,0,1,1,0.004474358974358974
844,0,0,1,1,0,0,1,0,1,1,0.003833333333333333
845,1,0,1,1,0,0,1,0,1,1,0.004325641025641026
846,0,1,1,1,0,0,1,0,1,1,0.003984615384615384
847,1,1,1,1,0,0,1,0,1,1,0.00418974358974359
848,0,0,0,0,1,0,1,0,1,1,0.003958333333333333
849,1,0,0,0,1,0,1,0,1,1,0.003929487179487179
850,0,1,0,0,1,0,1,0,1,1,0.004169871794871795
851,1,1,0,0,1,0,1,0,1,1,0.003945512820512821
852,0,0,1,0,1,0,1,0,1,1,0.004407692307692308
853,1,0,1,0,1,0,1,0,1,1,0.004274358974358974
854,0,1,1,0,1,0,1,0,1,1,0.0038621794871794867
855,1,1,1,0,1,0,1,0,1,1,0.004384615384615384
856,0,0,0,1,1,0,1,0,1,1,0.0038173076923076923
857,1,0,0,1,1,0,1,0,1,1,0.003798076923076923
858,0,1,0,1,1,0,1,0,1,1,0.004060897435897435
859,1,1,0,1,1,0,1,0,1,1,0.004123076923076922
860,0,0,1,1,1,0,1,0,1,1,0.004060897435897435
861,1,0,1,1,1,0,1,0,1,1,0.003971153846153846
862,0,1,1,1,1,0,1,0,1,1,0.0038782051282051284
863,1,1,1,1,1,0,1,0,1,1,0.0050480769230769225
864,0,0,0,0,0,1,1,0,1,1,0.01681410256410256
865,1,0,0,0,0,1,1,0,1,1,0.0038717948717948716
866,0,1,0,0,0,1,1,0,1,1,0.004080128205128205
867,1,1,0,0,0,1,1,0,1,1,0.0038237179487179487
868,0,0,1,0,0,1,1,0,1,1,0.004738461538461539
869,1,0,1,0,0,1,1,0,1,1,0.0039070512820512816
870,0,1,1,0,0,1,1,0,1,1,0.0046
871,1,1,1,0,0,1,1,0,1,1,0.003916666666666666
872,0,0,0,1,0,1,1,0,1,1,0.004217948717948718
873,1,0,0,1,0,1,1,0,1,1,0.003926282051282051
874,0,1,0,1,0,1,1,0,1,1,0.003817307692307692
875,1,1,0,1,0,1,1,0,1,1,0.0040448717948717945
876,0,0,1,1,0,1,1,0,1,1,0.0038717948717948716
877,1,0,1,1,0,1,1,0,1,1,0.004266666666666667
878,0,1,1,1,0,1,1,0,1,1,0.004476923076923077
879,1,1,1,1,0,1,1,0,1,1,0.003830128205128205
880,0,0,0,0,1,1,1,0,1,1,0.0040320512820512825
881,1,0,0,0,1,1,1,0,1,1,0.0038942307692307696
882,0,1,0,0,1,1,1,0,1,1,0.004076923076923077
883,1,1,0,0,1,1,1,0,1,1,0.004
884,0,0,1,0,1,1,1,0,1,1,0.003926282051282051
885,1,0,1,0,1,1,1,0,1,1,0.004115384615384615
886,0,1,1,0,1,1,1,0,1,1,0.0038358974358974353
887,1,1,1,0,1,1,1,0,1,1,0.004543589743589744
888,0,0,0,1,1,1,1,0,1,1,0.0038237179487179483
889,1,0,0,1,1,1,1,0,1,1,0.003939102564102564
890,0,1,0,1,1,1,1,0,1,1,0.0039070512820512816
891,1,1,0,1,1,1,1,0,1,1,0.0041333333333333335
892,0,0,1,1,1,1,1,0,1,1,0.00391025641025641
893,1,0,1,1,1,1,1,0,1,1,0.004938461538461539
894,0,1,1,1,1,1,1,0,1,1,0.0038820512820512817
895,1,1,1,1,1,1,1,0,1,1,0.004092948717948718
896,0,0,0,0,0,0,0,1,1,1,0.0038557692307692308
897,1,0,0,0,0,0,0,1,1,1,0.004153846153846154
898,0,1,0,0,0,0,0,1,1,1,0.003915384615384615
899,1,1,0,0,0,0,0,1,1,1,0.0039006410256410256
900,0,0,1,0,0,0,0,1,1,1,0.0039006410256410256
901,1,0,1,0,0,0,0,1,1,1,0.004032051282051282
902,0,1,1,0,0,0,0,1,1,1,0.003958333333333334
903,1,1,1,0,0,0,0,1,1,1,0.003894230769230769
904,0,0,0,1,0,0,0,1,1,1,0.0038653846153846156
905,1,0,0,1,0,0,0,1,1,1,0.003868589743589743
906,0,1,0,1,0,0,0,1,1,1,0.003919871794871795
907,1,1,0,1,0,0,0,1,1,1,0.003871794871794872
908,0,0,1,1,0,0,0,1,1,1,0.0038076923076923075
909,1,0,1,1,0,0,0,1,1,1,0.0037916666666666663
910,0,1,1,1,0,0,0,1,1,1,0.003993589743589743
911,1,1,1,1,0,0,0,1,1,1,0.0046564102564102565
912,0,0,0,0,1,0,0,1,1,1,0.004009615384615385
913,1,0,0,0,1,0,0,1,1,1,0.004056410256410256
914,0,1,0,0,1,0,0,1,1,1,0.0046102564102564105
915,1,1,0,0,1,0,0,1,1,1,0.003955128205128205
916,0,0,1,0,1,0,0,1,1,1,0.0041089743589743585
917,1,0,1,0,1,0,0,1,1,1,0.003923076923076923
918,0,1,1,0,1,0,0,1,1,1,0.003929487179487179
919,1,1,1,0,1,0,0,1,1,1,0.0038910256410256408
920,0,0,0,1,1,0,0,1,1,1,0.0038076923076923075
921,1,0,0,1,1,0,0,1,1,1,0.004067307692307692
922,0,1,0,1,1,0,0,1,1,1,0.0038814102564102564
923,1,1,0,1,1,0,0,1,1,1,0.0038910256410256408
924,0,0,1,1,1,0,0,1,1,1,0.004682051282051282
925,1,0,1,1,1,0,0,1,1,1,0.004115384615384615
926,0,1,1,1,1,0,0,1,1,1,0.0038076923076923075
927,1,1,1,1,1,0,0,1,1,1,0.00394551282051282
928,0,0,0,0,0,1,0,1,1,1,0.0038397435897435895
929,1,0,0,0,0,1,0,1,1,1,0.003926282051282051
930,0,1,0,0,0,1,0,1,1,1,0.004137820512820513
931,1,1,0,0,0,1,0,1,1,1,0.00416923076923077
932,0,0,1,0,0,1,0,1,1,1,0.003878205128205128
933,1,0,1,0,0,1,0,1,1,1,0.004051282051282051
934,0,1,1,0,0,1,0,1,1,1,0.0038493589743589744
935,1,1,1,0,0,1,0,1,1,1,0.003939102564102564
936,0,0,0,1,0,1,0,1,1,1,0.0039807692307692304
937,1,0,0,1,0,1,0,1,1,1,0.003848717948717948
938,0,1,0,1,0,1,0,1,1,1,0.004366666666666666
939,1,1,0,1,0,1,0,1,1,1,0.00433974358974359
940,0,0,1,1,0,1,0,1,1,1,0.004051282051282051
941,1,0,1,1,0,1,0,1,1,1,0.004048076923076923
942,0,1,1,1,0,1,0,1,1,1,0.0038557692307692308
943,1,1,1,1,0,1,0,1,1,1,0.004253205128205128
944,0,0,0,0,1,1,0,1,1,1,0.004198717948717949
945,1,0,0,0,1,1,0,1,1,1,0.003930769230769231
946,0,1,0,0,1,1,0,1,1,1,0.004019230769230769
947,1,1,0,0,1,1,0,1,1,1,0.0039775641025641024
948,0,0,1,0,1,1,0,1,1,1,0.004687179487179487
949,1,0,1,0,1,1,0,1,1,1,0.004070512820512821
950,0,1,1,0,1,1,0,1,1,1,0.004312820512820512
951,1,1,1,0,1,1,0,1,1,1,0.005353846153846155
952,0,0,0,1,1,1,0,1,1,1,0.0039038461538461536
953,1,0,0,1,1,1,0,1,1,1,0.004253205128205128
954,0,1,0,1,1,1,0,1,1,1,0.0041025641025641026
955,1,1,0,1,1,1,0,1,1,1,0.004176282051282051
956,0,0,1,1,1,1,0,1,1,1,0.0039775641025641024
957,1,0,1,1,1,1,0,1,1,1,0.005094871794871794
958,0,1,1,1,1,1,0,1,1,1,0.004112179487179487
959,1,1,1,1,1,1,0,1,1,1,0.004651282051282052
960,0,0,0,0,0,0,1,1,1,1,0.003841025641025641
961,1,0,0,0,0,0,1,1,1,1,0.003830128205128205
962,0,1,0,0,0,0,1,1,1,1,0.0040352564102564105
963,1,1,0,0,0,0,1,1,1,1,0.0038910256410256408
964,0,0,1,0,0,0,1,1,1,1,0.0038589743589743587
965,1,0,1,0,0,0,1,1,1,1,0.003915384615384615
966,0,1,1,0,0,0,1,1,1,1,0.00391025641025641
967,1,1,1,0,0,0,1,1,1,1,0.0039070512820512816
968,0,0,0,1,0,0,1,1,1,1,0.003894230769230769
969,1,0,0,1,0,0,1,1,1,1,0.0038621794871794867
970,0,1,0,1,0,0,1,1,1,1,0.004586538461538461
971,1,1,0,1,0,0,1,1,1,1,0.003865384615384615
972,0,0,1,1,0,0,1,1,1,1,0.0038769230769230764
973,1,0,1,1,0,0,1,1,1,1,0.003814102564102564
974,0,1,1,1,0,0,1,1,1,1,0.003804487179487179
975,1,1,1,1,0,0,1,1,1,1,0.0039070512820512816
976,0,0,0,0,1,0,1,1,1,1,0.003996794871794872
977,1,0,0,0,1,0,1,1,1,1,0.003961538461538462
978,0,1,0,0,1,0,1,1,1,1,0.0038878205128205128
979,1,1,0,0,1,0,1,1,1,1,0.0038942307692307688
980,0,0,1,0,1,0,1,1,1,1,0.003878205128205128
981,1,0,1,0,1,0,1,1,1,1,0.004428205128205128
982,0,1,1,0,1,0,1,1,1,1,0.0038878205128205128
983,1,1,1,0,1,0,1,1,1,1,0.0039038461538461536
984,0,0,0,1,1,0,1,1,1,1,0.003948717948717949
985,1,0,0,1,1,0,1,1,1,1,0.0038429487179487175
986,0,1,0,1,1,0,1,1,1,1,0.0038717948717948716
987,1,1,0,1,1,0,1,1,1,1,0.004358974358974359
988,0,0,1,1,1,0,1,1,1,1,0.003858974358974359
989,1,0,1,1,1,0,1,1,1,1,0.003814102564102564
990,0,1,1,1,1,0,1,1,1,1,0.00378525641025641
991,1,1,1,1,1,0,1,1,1,1,0.0038814102564102564
992,0,0,0,0,0,1,1,1,1,1,0.0038666666666666667
993,1,0,0,0,0,1,1,1,1,1,0.0038429487179487175
994,0,1,0,0,0,1,1,1,1,1,0.0041948717948717944
995,1,1,0,0,0,1,1,1,1,1,0.0038653846153846156
996,0,0,1,0,0,1,1,1,1,1,0.0038782051282051284
997,1,0,1,0,0,1,1,1,1,1,0.0038397435897435895
998,0,1,1,0,0,1,1,1,1,1,0.0039038461538461536
999,1,1,1,0,0,1,1,1,1,1,0.003982051282051283
1000,0,0,0,1,0,1,1,1,1,1,0.0037884615384615383
1001,1,0,0,1,0,1,1,1,1,1,0.003858974358974359
1002,0,1,0,1,0,1,1,1,1,1,0.0037852564102564103
1003,1,1,0,1,0,1,1,1,1,1,0.00378525641025641
1004,0,0,1,1,0,1,1,1,1,1,0.0038269230769230767
1005,1,0,1,1,0,1,1,1,1,1,0.004758974358974358
1006,0,1,1,1,0,1,1,1,1,1,0.0037948717948717943
1007,1,1,1,1,0,1,1,1,1,1,0.003817307692307692
1008,0,0,0,0,1,1,1,1,1,1,0.004715384615384615
1009,1,0,0,0,1,1,1,1,1,1,0.004067307692307693
1010,0,1,0,0,1,1,1,1,1,1,0.003817948717948718
1011,1,1,0,0,1,1,1,1,1,1,0.003948717948717949
1012,0,0,1,0,1,1,1,1,1,1,0.003846153846153846
1013,1,0,1,0,1,1,1,1,1,1,0.0038615384615384614
1014,0,1,1,0,1,1,1,1,1,1,0.0038974358974358976
1015,1,1,1,0,1,1,1,1,1,1,0.0038621794871794867
1016,0,0,0,1,1,1,1,1,1,1,0.0038666666666666663
1017,1,0,0,1,1,1,1,1,1,1,0.0038051282051282053
1018,0,1,0,1,1,1,1,1,1,1,0.0038589743589743587
1019,1,1,0,1,1,1,1,1,1,1,0.0038814102564102564
1020,0,0,1,1,1,1,1,1,1,1,0.003804487179487179
1021,1,0,1,1,1,1,1,1,1,1,0.004
1022,0,1,1,1,1,1,1,1,1,1,0.0037884615384615383
1023,1,1,1,1,1,1,1,1,1,1,0.004516025641025641
